# ************************************************************
# Sequel Pro SQL dump
# Version 3408
#
# http://www.sequelpro.com/
# http://code.google.com/p/sequel-pro/
#
# Host: 127.0.0.1 (MySQL 5.5.19)
# Database: marked
# Generation Time: 2012-02-11 03:04:52 +0000
# ************************************************************


/*!40101 SET @OLD_CHARACTER_SET_CLIENT=@@CHARACTER_SET_CLIENT */;
/*!40101 SET @OLD_CHARACTER_SET_RESULTS=@@CHARACTER_SET_RESULTS */;
/*!40101 SET @OLD_COLLATION_CONNECTION=@@COLLATION_CONNECTION */;
/*!40101 SET NAMES utf8 */;
/*!40014 SET @OLD_FOREIGN_KEY_CHECKS=@@FOREIGN_KEY_CHECKS, FOREIGN_KEY_CHECKS=0 */;
/*!40101 SET @OLD_SQL_MODE=@@SQL_MODE, SQL_MODE='NO_AUTO_VALUE_ON_ZERO' */;
/*!40111 SET @OLD_SQL_NOTES=@@SQL_NOTES, SQL_NOTES=0 */;


# Dump of table accounts_userprofile
# ------------------------------------------------------------

DROP TABLE IF EXISTS `accounts_userprofile`;

CREATE TABLE `accounts_userprofile` (
  `id` int(11) NOT NULL AUTO_INCREMENT,
  `user_id` int(11) NOT NULL,
  PRIMARY KEY (`id`),
  UNIQUE KEY `user_id` (`user_id`),
  CONSTRAINT `user_id_refs_id_81d7010f` FOREIGN KEY (`user_id`) REFERENCES `auth_user` (`id`)
) ENGINE=InnoDB DEFAULT CHARSET=latin1;

LOCK TABLES `accounts_userprofile` WRITE;
/*!40000 ALTER TABLE `accounts_userprofile` DISABLE KEYS */;

INSERT INTO `accounts_userprofile` (`id`, `user_id`)
VALUES
	(1,1),
	(2,2),
	(3,3),
	(4,4),
	(5,5),
	(6,6),
	(8,8),
	(9,9),
	(10,10),
	(11,11),
	(12,12),
	(13,13),
	(14,14),
	(15,15),
	(16,16),
	(17,17),
	(18,18),
	(19,19),
	(20,20),
	(21,21),
	(22,22),
	(23,23),
	(24,24);

/*!40000 ALTER TABLE `accounts_userprofile` ENABLE KEYS */;
UNLOCK TABLES;


# Dump of table accounts_userprofile_favorites
# ------------------------------------------------------------

DROP TABLE IF EXISTS `accounts_userprofile_favorites`;

CREATE TABLE `accounts_userprofile_favorites` (
  `id` int(11) NOT NULL AUTO_INCREMENT,
  `userprofile_id` int(11) NOT NULL,
  `favorite_id` int(11) NOT NULL,
  PRIMARY KEY (`id`),
  UNIQUE KEY `userprofile_id` (`userprofile_id`,`favorite_id`),
  KEY `favorite_id_refs_id_9c9e1792` (`favorite_id`),
  CONSTRAINT `userprofile_id_refs_id_51f1934b` FOREIGN KEY (`userprofile_id`) REFERENCES `accounts_userprofile` (`id`),
  CONSTRAINT `favorite_id_refs_id_9c9e1792` FOREIGN KEY (`favorite_id`) REFERENCES `bookmarks_favorite` (`id`)
) ENGINE=InnoDB DEFAULT CHARSET=latin1;

LOCK TABLES `accounts_userprofile_favorites` WRITE;
/*!40000 ALTER TABLE `accounts_userprofile_favorites` DISABLE KEYS */;

INSERT INTO `accounts_userprofile_favorites` (`id`, `userprofile_id`, `favorite_id`)
VALUES
	(1,1,1),
	(2,1,2),
	(3,1,3),
	(4,1,4),
	(5,1,5),
	(6,1,6),
	(7,1,7),
	(8,1,8),
	(9,1,9),
	(10,1,10),
	(11,1,11);

/*!40000 ALTER TABLE `accounts_userprofile_favorites` ENABLE KEYS */;
UNLOCK TABLES;


# Dump of table auth_group
# ------------------------------------------------------------

DROP TABLE IF EXISTS `auth_group`;

CREATE TABLE `auth_group` (
  `id` int(11) NOT NULL AUTO_INCREMENT,
  `name` varchar(80) NOT NULL,
  PRIMARY KEY (`id`),
  UNIQUE KEY `name` (`name`)
) ENGINE=InnoDB DEFAULT CHARSET=latin1;



# Dump of table auth_group_permissions
# ------------------------------------------------------------

DROP TABLE IF EXISTS `auth_group_permissions`;

CREATE TABLE `auth_group_permissions` (
  `id` int(11) NOT NULL AUTO_INCREMENT,
  `group_id` int(11) NOT NULL,
  `permission_id` int(11) NOT NULL,
  PRIMARY KEY (`id`),
  UNIQUE KEY `group_id` (`group_id`,`permission_id`),
  KEY `auth_group_permissions_bda51c3c` (`group_id`),
  KEY `auth_group_permissions_1e014c8f` (`permission_id`),
  CONSTRAINT `group_id_refs_id_3cea63fe` FOREIGN KEY (`group_id`) REFERENCES `auth_group` (`id`),
  CONSTRAINT `permission_id_refs_id_a7792de1` FOREIGN KEY (`permission_id`) REFERENCES `auth_permission` (`id`)
) ENGINE=InnoDB DEFAULT CHARSET=latin1;



# Dump of table auth_message
# ------------------------------------------------------------

DROP TABLE IF EXISTS `auth_message`;

CREATE TABLE `auth_message` (
  `id` int(11) NOT NULL AUTO_INCREMENT,
  `user_id` int(11) NOT NULL,
  `message` longtext NOT NULL,
  PRIMARY KEY (`id`),
  KEY `auth_message_fbfc09f1` (`user_id`),
  CONSTRAINT `user_id_refs_id_9af0b65a` FOREIGN KEY (`user_id`) REFERENCES `auth_user` (`id`)
) ENGINE=InnoDB DEFAULT CHARSET=latin1;



# Dump of table auth_permission
# ------------------------------------------------------------

DROP TABLE IF EXISTS `auth_permission`;

CREATE TABLE `auth_permission` (
  `id` int(11) NOT NULL AUTO_INCREMENT,
  `name` varchar(50) NOT NULL,
  `content_type_id` int(11) NOT NULL,
  `codename` varchar(100) NOT NULL,
  PRIMARY KEY (`id`),
  UNIQUE KEY `content_type_id` (`content_type_id`,`codename`),
  KEY `auth_permission_e4470c6e` (`content_type_id`),
  CONSTRAINT `content_type_id_refs_id_728de91f` FOREIGN KEY (`content_type_id`) REFERENCES `django_content_type` (`id`)
) ENGINE=InnoDB DEFAULT CHARSET=latin1;

LOCK TABLES `auth_permission` WRITE;
/*!40000 ALTER TABLE `auth_permission` DISABLE KEYS */;

INSERT INTO `auth_permission` (`id`, `name`, `content_type_id`, `codename`)
VALUES
	(1,'Can add permission',1,'add_permission'),
	(2,'Can change permission',1,'change_permission'),
	(3,'Can delete permission',1,'delete_permission'),
	(4,'Can add group',2,'add_group'),
	(5,'Can change group',2,'change_group'),
	(6,'Can delete group',2,'delete_group'),
	(7,'Can add user',3,'add_user'),
	(8,'Can change user',3,'change_user'),
	(9,'Can delete user',3,'delete_user'),
	(10,'Can add message',4,'add_message'),
	(11,'Can change message',4,'change_message'),
	(12,'Can delete message',4,'delete_message'),
	(13,'Can add content type',5,'add_contenttype'),
	(14,'Can change content type',5,'change_contenttype'),
	(15,'Can delete content type',5,'delete_contenttype'),
	(16,'Can add session',6,'add_session'),
	(17,'Can change session',6,'change_session'),
	(18,'Can delete session',6,'delete_session'),
	(19,'Can add site',7,'add_site'),
	(20,'Can change site',7,'change_site'),
	(21,'Can delete site',7,'delete_site'),
	(22,'Can add user profile',8,'add_userprofile'),
	(23,'Can change user profile',8,'change_userprofile'),
	(24,'Can delete user profile',8,'delete_userprofile'),
	(25,'Can add bookmark',9,'add_bookmark'),
	(26,'Can change bookmark',9,'change_bookmark'),
	(27,'Can delete bookmark',9,'delete_bookmark'),
	(28,'Can add log entry',10,'add_logentry'),
	(29,'Can change log entry',10,'change_logentry'),
	(30,'Can delete log entry',10,'delete_logentry'),
	(31,'Can add favorite',11,'add_favorite'),
	(32,'Can change favorite',11,'change_favorite'),
	(33,'Can delete favorite',11,'delete_favorite');

/*!40000 ALTER TABLE `auth_permission` ENABLE KEYS */;
UNLOCK TABLES;


# Dump of table auth_user
# ------------------------------------------------------------

DROP TABLE IF EXISTS `auth_user`;

CREATE TABLE `auth_user` (
  `id` int(11) NOT NULL AUTO_INCREMENT,
  `username` varchar(30) NOT NULL,
  `first_name` varchar(30) NOT NULL,
  `last_name` varchar(30) NOT NULL,
  `email` varchar(75) NOT NULL,
  `password` varchar(128) NOT NULL,
  `is_staff` tinyint(1) NOT NULL,
  `is_active` tinyint(1) NOT NULL,
  `is_superuser` tinyint(1) NOT NULL,
  `last_login` datetime NOT NULL,
  `date_joined` datetime NOT NULL,
  PRIMARY KEY (`id`),
  UNIQUE KEY `username` (`username`)
) ENGINE=InnoDB DEFAULT CHARSET=latin1;

LOCK TABLES `auth_user` WRITE;
/*!40000 ALTER TABLE `auth_user` DISABLE KEYS */;

INSERT INTO `auth_user` (`id`, `username`, `first_name`, `last_name`, `email`, `password`, `is_staff`, `is_active`, `is_superuser`, `last_login`, `date_joined`)
VALUES
	(1,'geof','','','rectangular@gmail.com','sha1$c9472$78801a7f1ddc1f9ec97cfd5d264973296ac0b9aa',1,1,1,'2012-02-08 23:29:36','2011-11-14 23:33:58'),
	(2,'DaneHanrahan','','','','sha1$0f59b$73178baa01d2b938bbbccf4ff0e54539e68f9f3e',1,1,0,'2011-12-29 19:52:53','2011-11-27 19:04:36'),
	(3,'zachwood','','','','sha1$65448$f68fc2ffeadbe93404bbc35e1877923ff97f0df4',1,1,0,'2012-02-01 13:10:18','2011-11-29 09:51:11'),
	(4,'val','','','','sha1$c4c8d$9e3cc7c790bab2aa3f06f949598057198125d574',0,1,0,'2012-02-03 10:06:19','2011-12-06 22:31:37'),
	(5,'mark','','','','sha1$825be$1832fdfc027163d12c9bb6cce73066d1706164c6',0,1,0,'2012-02-02 00:31:56','2011-12-07 16:30:33'),
	(6,'anson','','','','sha1$644ac$e7363e1def8a26bb36ef61f40d1ec9249995a50d',0,1,0,'2012-02-02 11:51:50','2011-12-09 20:34:01'),
	(7,'emptyuser','','','','sha1$11da4$7f1b3cef0ade01b55b83cfd9ea646c6566423e2f',0,1,0,'2011-12-10 12:06:42','2011-12-10 12:06:42'),
	(8,'matt','','','','sha1$f5291$3d458567087fc8db2c581c4c7b1ee003ba863dfb',0,1,0,'2012-01-19 21:07:13','2011-12-12 11:01:41'),
	(9,'testuser','','','','sha1$f8888$e5bd15288759e87bd5a3fcd761ed92c8dc51579b',0,1,0,'2012-01-19 00:22:25','2011-12-12 21:54:17'),
	(10,'Wanhala','','','','sha1$5f600$4a4b3ea81e9d7eeca7b849a69454e6d05894799e',0,1,0,'2011-12-29 19:43:09','2011-12-29 18:52:02'),
	(11,'galen','','','','sha1$aabe2$9a4b185260215d3093ec8de61eb410d212a1c39f',0,1,0,'2012-01-02 20:24:44','2011-12-29 18:54:10'),
	(12,'zholmquist','','','','sha1$a4123$b8e6e723aeac9d3e6f38f2b5d5994607e7e6311f',0,1,0,'2012-01-05 20:55:32','2011-12-29 18:56:56'),
	(13,'whereswayne','','','','sha1$c72a4$e0c993cab4ec06d0e0d42379b4a51f4550ffd6b2',0,1,0,'2012-01-11 11:36:56','2011-12-29 19:08:24'),
	(14,'andy','','','','sha1$557f1$91ed29a338ea497187bc57eb9219df0a6e3d262c',0,1,0,'2012-02-03 10:49:37','2011-12-29 19:49:00'),
	(15,'yocline','','','','sha1$8ba3b$cc82d4645d711edd6de26d93984e94fc8168486e',0,1,0,'2012-01-27 15:58:45','2011-12-29 19:59:36'),
	(16,'todaywasok','','','laurafoster.design@gmail.com','sha1$96e27$bbcfd162a5db8595bb446e44d72de5587b0afe32',0,1,0,'2012-01-25 15:54:46','2011-12-29 22:03:51'),
	(17,'casemorton','','','','sha1$16356$74eeb36ec0eb398f5255395d1878c1a6c8206108',0,1,0,'2012-01-09 14:43:52','2011-12-31 20:40:16'),
	(18,'scottlyttle','','','scott.lyttle@gmail.com','sha1$caf0a$93d55a9733c4b88a951d3087b29393b00f4aa144',0,1,0,'2012-01-10 14:45:39','2012-01-10 13:20:13'),
	(19,'jordan','','','','sha1$799d8$200c2592f0f54c2238214f51ed04b38d4645dc57',0,1,0,'2012-01-12 23:05:29','2012-01-12 23:02:54'),
	(20,'buzz','','','','sha1$5c23e$2925fc46e2a0744189d0f4c96e1abd8e84605a1f',0,1,0,'2012-02-01 14:35:21','2012-01-17 10:43:42'),
	(21,'rectangular','','','','sha1$73fcb$1da56d2515806ec065dab3bbfe9df703971099c7',0,1,0,'2012-01-17 11:00:20','2012-01-17 11:00:20'),
	(22,'pedrogomez','','','','sha1$65ac6$980bd1cbe8d58214f89c7f801d6a182427097e3e',0,1,0,'2012-01-20 14:14:16','2012-01-20 14:13:09'),
	(23,'wespear','','','','sha1$3dbea$26e9ae168f7e1cb6cef76ca396fb06435804b0e8',0,1,0,'2012-02-02 11:31:02','2012-02-02 11:30:25'),
	(24,'craigruks','','','','sha1$2d441$52183f341314d318dec31ac2b1b2d768c8f22fcb',0,1,0,'2012-02-04 23:47:04','2012-02-04 23:47:04');

/*!40000 ALTER TABLE `auth_user` ENABLE KEYS */;
UNLOCK TABLES;


# Dump of table auth_user_groups
# ------------------------------------------------------------

DROP TABLE IF EXISTS `auth_user_groups`;

CREATE TABLE `auth_user_groups` (
  `id` int(11) NOT NULL AUTO_INCREMENT,
  `user_id` int(11) NOT NULL,
  `group_id` int(11) NOT NULL,
  PRIMARY KEY (`id`),
  UNIQUE KEY `user_id` (`user_id`,`group_id`),
  KEY `auth_user_groups_fbfc09f1` (`user_id`),
  KEY `auth_user_groups_bda51c3c` (`group_id`),
  CONSTRAINT `group_id_refs_id_f0ee9890` FOREIGN KEY (`group_id`) REFERENCES `auth_group` (`id`),
  CONSTRAINT `user_id_refs_id_831107f1` FOREIGN KEY (`user_id`) REFERENCES `auth_user` (`id`)
) ENGINE=InnoDB DEFAULT CHARSET=latin1;



# Dump of table auth_user_user_permissions
# ------------------------------------------------------------

DROP TABLE IF EXISTS `auth_user_user_permissions`;

CREATE TABLE `auth_user_user_permissions` (
  `id` int(11) NOT NULL AUTO_INCREMENT,
  `user_id` int(11) NOT NULL,
  `permission_id` int(11) NOT NULL,
  PRIMARY KEY (`id`),
  UNIQUE KEY `user_id` (`user_id`,`permission_id`),
  KEY `auth_user_user_permissions_fbfc09f1` (`user_id`),
  KEY `auth_user_user_permissions_1e014c8f` (`permission_id`),
  CONSTRAINT `permission_id_refs_id_67e79cb` FOREIGN KEY (`permission_id`) REFERENCES `auth_permission` (`id`),
  CONSTRAINT `user_id_refs_id_f2045483` FOREIGN KEY (`user_id`) REFERENCES `auth_user` (`id`)
) ENGINE=InnoDB DEFAULT CHARSET=latin1;



# Dump of table bookmarks_bookmark
# ------------------------------------------------------------

DROP TABLE IF EXISTS `bookmarks_bookmark`;

CREATE TABLE `bookmarks_bookmark` (
  `id` int(11) NOT NULL AUTO_INCREMENT,
  `url` varchar(200) NOT NULL,
  `added` datetime NOT NULL,
  `owner_id` int(11) NOT NULL,
  `title` char(255) NOT NULL DEFAULT '',
  `public` tinyint(1) NOT NULL DEFAULT '0',
  `edited` datetime NOT NULL,
  PRIMARY KEY (`id`),
  KEY `bookmarks_bookmark_5d52dd10` (`owner_id`),
  CONSTRAINT `owner_id_refs_id_f76c9428` FOREIGN KEY (`owner_id`) REFERENCES `accounts_userprofile` (`id`)
) ENGINE=InnoDB DEFAULT CHARSET=latin1;

LOCK TABLES `bookmarks_bookmark` WRITE;
/*!40000 ALTER TABLE `bookmarks_bookmark` DISABLE KEYS */;

INSERT INTO `bookmarks_bookmark` (`id`, `url`, `added`, `owner_id`, `title`, `public`, `edited`)
VALUES
	(1,'http://www.google.com/','2011-11-15 01:52:50',1,'',0,'0000-00-00 00:00:00'),
	(2,'http://www.electrictoolbox.com/remove-webkit-border-input-focus/','2011-11-27 14:46:47',1,'',0,'0000-00-00 00:00:00'),
	(4,'http://www.geofcrowl.com/','2011-11-27 15:13:21',1,'',0,'0000-00-00 00:00:00'),
	(6,'www.google.com','2011-11-27 19:06:09',2,'',0,'0000-00-00 00:00:00'),
	(7,'http://www.mattcutts.com/blog/javascript-bookmarklet-basics/','2011-11-27 22:08:11',1,'',0,'0000-00-00 00:00:00'),
	(8,'http://marked.goodnightstudio.com/','2011-11-28 21:26:45',1,'',0,'0000-00-00 00:00:00'),
	(9,'http://www.cnn.com/','2011-11-28 21:27:02',1,'',0,'0000-00-00 00:00:00'),
	(10,'http://dribbble.com/rectangular','2011-11-28 21:31:09',1,'',0,'0000-00-00 00:00:00'),
	(11,'http://www.tumblr.com/dashboard','2011-11-28 21:32:15',1,'',0,'0000-00-00 00:00:00'),
	(12,'http://mirnazim.org/writings/python-ecosystem-introduction/','2011-11-29 09:57:39',3,'',0,'0000-00-00 00:00:00'),
	(13,'http://bronzeleague.tumblr.com/','2011-11-29 13:19:23',1,'',0,'0000-00-00 00:00:00'),
	(14,'about:blank','2011-11-29 13:20:25',1,'',0,'0000-00-00 00:00:00'),
	(15,'http://goodnightstudio.com/','2011-11-29 14:27:03',1,'',0,'0000-00-00 00:00:00'),
	(16,'http://marked.goodnightstudio.com/','2011-11-29 15:04:55',2,'',0,'0000-00-00 00:00:00'),
	(17,'http://vimeo.com/32796535','2011-11-29 15:28:47',1,'',0,'0000-00-00 00:00:00'),
	(18,'http://www.engadget.com/','2011-11-29 15:34:56',2,'',0,'0000-00-00 00:00:00'),
	(19,'http://3.bp.blogspot.com/-PFbrz1TIEeA/TtT02pKW_XI/AAAAAAAAApg/cdu_N1atxno/s1600/313149_10150403027184760_126181849759_8697435_1497163675_n.jpg','2011-11-29 15:36:18',1,'',0,'0000-00-00 00:00:00'),
	(20,'http://www.youtube.com/watch?feature=player_embedded&v=sOlqqriBvUM','2011-11-29 16:53:23',1,'',0,'0000-00-00 00:00:00'),
	(21,'http://thisisnthappiness.com/','2011-11-29 19:04:45',1,'this isn\'t happiness&#8482;',0,'0000-00-00 00:00:00'),
	(22,'https://www.facebook.com/','2011-11-29 19:09:24',1,'Facebook',0,'0000-00-00 00:00:00'),
	(23,'http://ffffound.com/','2011-11-30 09:27:32',1,'FFFFOUND!',0,'0000-00-00 00:00:00'),
	(24,'http://m.microsoft.com/windowsphone/en-us/demo/unsupported.mspx','2011-11-30 09:48:16',1,'Windows Phone demo unsupported device',0,'0000-00-00 00:00:00'),
	(25,'http://www.youtube.com/watch?v=SHoukZpMhDE','2011-11-30 10:32:47',1,'\n        TellMe vs Siri\n      - YouTube\n',0,'0000-00-00 00:00:00'),
	(26,'http://www.teehanlax.com/blog/going-down-the-right-path/','2011-12-01 00:26:52',1,'Going down the right Path | Teehan+Lax',0,'0000-00-00 00:00:00'),
	(27,'http://www.teamliquid.net/forum/viewmessage.php?topic_id=160231','2011-12-02 16:49:00',1,'Zerg Build Order optimizer.',0,'0000-00-00 00:00:00'),
	(28,'http://www.youtube.com/watch?v=v8oI0txHlnM','2011-12-02 16:49:08',1,'\n        CatZ on Skype with Deezer - Starcraft 2\n      - YouTube\n',0,'0000-00-00 00:00:00'),
	(29,'http://www.youtube.com/watch?v=XKWlWltkb1U&feature=autoplay&list=ULlQM0Ky49ewo&lf=mfu_in_order&playnext=1','2011-12-02 18:31:02',1,'\n        Destiny going mass queens [Game 15] (Part 2/2) - Starcraft 2\n      - YouTube\n',0,'0000-00-00 00:00:00'),
	(30,'http://us.battle.net/sc2/en/forum/topic/2913212852?page=2','2011-12-02 18:31:11',1,'Stuck in Bronze League - Forums - StarCraft II',0,'0000-00-00 00:00:00'),
	(31,'http://www.youtube.com/watch?v=LQg_zxwdK7I&feature=related','2011-12-06 14:34:01',1,'\n        Roger Clark Motorsport 850bhp Subaru Impreza @ TOTB VI\n      - YouTube\n',0,'0000-00-00 00:00:00'),
	(32,'http://loveforleica.com/','2011-12-06 22:33:37',4,'Love For Leica',1,'2012-01-08 20:48:15'),
	(33,'http://www.teamliquid.net/video/streams/Destiny','2011-12-06 23:44:04',1,'Destiny\'s Stream - Starcraft 2 Live Stream (Online)',0,'0000-00-00 00:00:00'),
	(34,'http://www.refinery29.com/lauren-moffatts-spring-12-lookbook?page=1','2011-12-07 12:58:12',4,'Lauren Moffatt Spring 12 Lookbook',0,'2012-01-08 20:50:04'),
	(35,'http://marked.goodnightstudio.com/','2011-12-07 16:32:04',5,'Marked: Post bookmarkism',0,'0000-00-00 00:00:00'),
	(36,'http://www.creators.org.uk/','2011-12-07 16:35:55',5,'Creators Trust',0,'0000-00-00 00:00:00'),
	(37,'http://aes.info/','2011-12-09 10:12:12',1,'Alexander Shoukas',0,'0000-00-00 00:00:00'),
	(38,'http://portfolio.tofslie.com/','2011-12-09 10:12:16',1,'Tofslie Inc. | The Creative Studio of Edwin Tofslie - Creative Direction, Art Direction, Ideas, Design, Interactive, Web and Maker of Fine Jerky.',0,'0000-00-00 00:00:00'),
	(39,'http://requirejs.org/','2011-12-09 11:14:03',1,'RequireJS',0,'0000-00-00 00:00:00'),
	(40,'http://editsquarterly.com/','2011-12-09 11:44:15',1,'Edits Quarterly &#215; Ian Coyle',0,'0000-00-00 00:00:00'),
	(41,'http://www.realcyclist.com/','2011-12-09 18:46:08',1,'Road Bikes, Frames, Completes, Bicycle Parts and Bike Accessories from RealCyclist.com',0,'0000-00-00 00:00:00'),
	(42,'http://marked.goodnightstudio.com/','2011-12-09 20:36:04',6,'Marked: Post bookmarkism',0,'0000-00-00 00:00:00'),
	(43,'http://en.wikipedia.org/wiki/Walter_Isaacson','2011-12-10 11:53:07',1,'Walter Isaacson - Wikipedia, the free encyclopedia',1,'0000-00-00 00:00:00'),
	(44,'http://www.google.com/search?client=safari&rls=en&q=geof+crowl&ie=UTF-8&oe=UTF-8','2011-12-10 12:52:03',1,'geof crowl - Google Search',0,'0000-00-00 00:00:00'),
	(45,'http://us.battle.net/sc2/en/game/race/protoss/techtree','2011-12-10 13:19:16',4,'Protoss Tech Tree - Game - StarCraft II',1,'0000-00-00 00:00:00'),
	(46,'http://www.npr.org/','2011-12-10 15:56:40',1,'NPR : National Public Radio : News',1,'0000-00-00 00:00:00'),
	(47,'http://www.youtube.com/watch?v=-3QJL6IiNYo','2011-12-11 12:41:48',1,'All Of Ron Paul\'s Responses At The ABC Iowa GOP Debate - YouTube',1,'0000-00-00 00:00:00'),
	(48,'http://sc2ranks.com/us/2331737/rectangular','2011-12-11 18:51:00',1,'rectangular\'s profile - SC2Ranks',1,'0000-00-00 00:00:00'),
	(49,'http://www.tenfoldcollective.com/blog/uinta-brewing-co-label-redesign-cutthroat','2011-12-11 20:12:17',4,'Uinta Brewing Co. Label Redesign: Cutthroat « The Tenfold Collective Blog',1,'2012-01-08 20:48:35'),
	(50,'http://www.tenfoldcollective.com/blog/uinta-label-redesign-recap','2011-12-11 20:13:34',4,'Uinta Label Redesign Recap « The Tenfold Collective Blog',1,'0000-00-00 00:00:00'),
	(51,'http://wiki.teamliquid.net/starcraft2/2_Gate_Rush_(vs._Zerg)','2011-12-11 21:30:28',1,'2 Gate Rush (vs. Zerg) - Liquipedia Starcraft 2 Wiki',1,'0000-00-00 00:00:00'),
	(52,'http://www.kickstarter.com/projects/2107726947/hidden-radio-and-bluetooth-speaker?ref=category','2011-12-12 11:03:36',8,'Hidden Radio',1,'0000-00-00 00:00:00'),
	(53,'http://static.fjcdn.com/pictures/derp+graph_ed19a1_792429.jpg','2011-12-12 11:37:58',1,'What I think of when I hear: Infographic',1,'0000-00-00 00:00:00'),
	(54,'http://www.rdio.com/#/artist/Chris_Bathgate/album/A_Cork_Tale_Wake/track/The_Last_Parade_On_Ann_St./','2011-12-12 15:26:17',1,'Chris Bathgate - The Last Parade On Ann St. - Rdio',1,'0000-00-00 00:00:00'),
	(55,'http://www.myspace.com/thisisdeercountry','2011-12-12 15:29:38',1,'This Is Deer Country',1,'0000-00-00 00:00:00'),
	(56,'http://d24w6bsrhbeh9d.cloudfront.net/photo/209407_700b.jpg','2011-12-12 16:13:39',1,'The Average Asian Aging Process',1,'0000-00-00 00:00:00'),
	(57,'http://jsfiddle.net/codepo8/NvTuf/','2011-12-12 16:45:12',3,'Edit this Fiddle - jsFiddle - Online Editor for the Web (JavaScript, MooTools, jQuery, Prototype, YUI, Glow and Dojo, HTML, CSS)',1,'0000-00-00 00:00:00'),
	(58,'http://shyukin.com/','2011-12-12 16:55:04',1,'shyukin.com - Online Portfolio',1,'0000-00-00 00:00:00'),
	(59,'http://chocolatapp.com/','2011-12-12 17:32:13',1,'Chocolat  Text Editor for Mac',1,'0000-00-00 00:00:00'),
	(60,'http://www.youtube.com/watch?v=_BRjwqiwOPw','2011-12-12 17:33:37',1,'Destiny calling DDoS kid - Starcraft 2 - YouTube',1,'0000-00-00 00:00:00'),
	(61,'http://mislav.uniqpath.com/2011/12/vim-revisited/','2011-12-12 17:57:29',1,'Vim: revisited',1,'0000-00-00 00:00:00'),
	(62,'http://www.kinfolkmag.com/','2011-12-12 22:06:22',4,'Kinfolk Magazine - Home',1,'0000-00-00 00:00:00'),
	(63,'http://www.teamliquid.net/video/streams/HuK','2011-12-12 22:56:04',1,'HuK\'s Stream - Starcraft 2 Live Stream (Online)',1,'0000-00-00 00:00:00'),
	(64,'http://www.twitch.tv/LiquidHerO','2011-12-12 23:12:23',1,'LiquidHerO\'s stream',1,'0000-00-00 00:00:00'),
	(65,'http://www.youtube.com/watch?v=GyKYoQgiYHs','2011-12-13 01:15:35',1,'HuK [FPVOD] vs CombatEX - how you defend a 2gate rush',1,'0000-00-00 00:00:00'),
	(66,'http://www.teamliquid.net/forum/viewmessage.php?topic_id=222970','2011-12-13 01:18:38',1,'Strength of AI compared to BNET',1,'0000-00-00 00:00:00'),
	(67,'http://www.youtube.com/watch?v=u-yLGIH7W9Y','2011-12-13 09:51:08',1,'Shit Girls Say - Episode 1 - YouTube',1,'0000-00-00 00:00:00'),
	(68,'http://attasi.com/labs/ipad/','2011-12-13 11:16:00',3,'Interactive CSS3 Lighting Effects',1,'0000-00-00 00:00:00'),
	(69,'http://issuu.com/deus/docs/houseofsimplepleasures?mode=embed&layout=http%3A%2F%2Fskin.issuu.com%2Fv%2Fdark%2Flayout.xml&showFlipBtn=true&proShowMenu=true','2011-12-13 16:54:21',4,'Deus - The House of Simple Pleasures',1,'0000-00-00 00:00:00'),
	(70,'http://athenaeum.bigcartel.com/product/ursa-major','2011-12-13 20:10:02',4,'SmashThis // Athenaeum Press  Ursa Major',1,'0000-00-00 00:00:00'),
	(71,'http://www.youtube.com/watch?v=sJVQJ4-n_cA&ob=av2e','2011-12-14 09:31:06',1,'Nero - Reaching Out - YouTube',1,'0000-00-00 00:00:00'),
	(72,'http://www.theverge.com/2011/12/9/2616204/the-condescending-ui','2011-12-14 14:41:21',1,'The condescending UI | The Verge',1,'0000-00-00 00:00:00'),
	(73,'http://www.crockford.com/javascript/private.html','2011-12-14 16:10:19',1,'Private Members in JavaScript',1,'0000-00-00 00:00:00'),
	(74,'http://instagram.heroku.com/','2011-12-14 16:13:15',1,'Instagram popular photos',1,'0000-00-00 00:00:00'),
	(75,'http://www.ms-studio.com/FontSales/anonymouspro.html','2011-12-14 17:05:32',1,'Anonymous Pro',1,'0000-00-00 00:00:00'),
	(76,'http://www.liveleak.com/view?i=4a8_1323879444','2011-12-14 17:22:43',1,'LiveLeak.com - Marine offering kids some pop rocks...',1,'0000-00-00 00:00:00'),
	(77,'http://www.pentaxforums.com/forums/pentax-film-slr-discussion/107126-i-use-k1000.html#post1103680','2011-12-14 17:30:23',1,'I Use A K1000 - PentaxForums.com',1,'0000-00-00 00:00:00'),
	(78,'http://stevelosh.com/blog/','2011-12-14 17:46:32',1,'Blog / Steve Losh',1,'0000-00-00 00:00:00'),
	(79,'http://south.aeracode.org/','2011-12-14 17:50:16',1,'South - Django Database Migration',1,'0000-00-00 00:00:00'),
	(80,'http://sirupsen.com/','2011-12-14 18:49:01',1,'Sirupsen and his codeabouts',1,'0000-00-00 00:00:00'),
	(81,'http://uggedal.com/','2011-12-14 18:49:07',1,'Eivind Uggedal',1,'0000-00-00 00:00:00'),
	(82,'http://www.quillandfox.com/','2011-12-15 10:11:54',4,'Quill & Fox',1,'0000-00-00 00:00:00'),
	(83,'http://mfile.akamai.com/65764/live/reflector:39480.asx?bkup=39655&prop=n','2011-12-15 10:15:30',1,'SOPA Live Video',1,'0000-00-00 00:00:00'),
	(84,'http://www.helveticabike.com/?p=161','2011-12-15 15:13:41',4,'Helvetica Bike | 55 years of helvetica spirit',1,'0000-00-00 00:00:00'),
	(85,'http://www.youtube.com/watch?v=wC35LroU3BQ','2011-12-15 16:40:08',4,'Lips - Everything To Me (Adventure Club Remix) (Official Video) - YouTube',1,'0000-00-00 00:00:00'),
	(86,'http://blog.instagram.com/post/14281811916/photo-tips-bokeh?668346b0','2011-12-15 17:00:32',4,'Instagram  Photo Tips: Light Bokeh',1,'0000-00-00 00:00:00'),
	(87,'http://www.youtube.com/watch?feature=player_embedded&v=GokKUqLcvD8','2011-12-19 13:27:24',1,'The Dark Knight Rises Official Movie Trailer Christian Bale, Batman Movie (2012) HD - YouTube',1,'0000-00-00 00:00:00'),
	(88,'http://feint.me/articles/the-art-of-zenware','2011-12-20 11:13:56',1,'The Art of Zenware, and Why You Should be Using It',1,'0000-00-00 00:00:00'),
	(89,'http://pen.io/','2011-12-20 11:53:23',5,'Pen.io - Publish Content Online',1,'0000-00-00 00:00:00'),
	(90,'http://www.fabsugar.com/Madewell-Spring-2012-20905406','2011-12-20 11:54:14',4,'Madewell Spring 2012',1,'0000-00-00 00:00:00'),
	(91,'http://vimeo.com/33806797','2011-12-20 12:01:36',1,'Processing: Experimenting with bounds on Vimeo',1,'0000-00-00 00:00:00'),
	(92,'http://paulrouget.com/','2011-12-20 13:44:17',1,'Paul Rouget\'s Blog',1,'0000-00-00 00:00:00'),
	(93,'http://noteandpoint.com/','2011-12-20 14:00:55',1,'Note',1,'0000-00-00 00:00:00'),
	(94,'http://www.blablakids.com/Online-Shopping/Classic-blablas/DOLL-Cat-Mini-Sandwich','2011-12-20 14:59:14',1,'DOLL Cat \"Mini-Sandwich\"',0,'0000-00-00 00:00:00'),
	(95,'http://itunes.apple.com/us/app/coderunner/id433335799?mt=12','2011-12-20 15:06:47',1,'Mac App Store - CodeRunner',1,'0000-00-00 00:00:00'),
	(96,'https://addons.mozilla.org/en-US/firefox/addon/desopa/','2011-12-20 15:44:47',1,'DeSopa :: Add-ons for Firefox',1,'0000-00-00 00:00:00'),
	(97,'http://www.youtube.com/watch?v=6G7173BEFg8','2011-12-21 00:19:28',1,'Day9 trolling Destiny\'s stream',1,'0000-00-00 00:00:00'),
	(98,'http://www.sojamo.de/libraries/controlP5/#installation','2011-12-21 09:50:35',1,'processing GUI, controlP5',1,'0000-00-00 00:00:00'),
	(99,'http://robbailey.co.uk/','2011-12-21 11:51:31',5,'Rob Bailey',1,'0000-00-00 00:00:00'),
	(100,'http://www.youtube.com/watch?v=ah69S-TsQa8','2011-12-21 12:11:51',1,'[HD] Protoss Tutorial - Basic Opener - StarCraft 2 - YouTube',1,'0000-00-00 00:00:00'),
	(101,'http://www.youtube.com/watch?feature=player_embedded&v=G0k3kHtyoqc','2011-12-21 14:17:35',1,'THE HOBBIT Trailer HD - YouTube',1,'0000-00-00 00:00:00'),
	(102,'http://www.teamliquid.net/video/streams/White-Ra','2011-12-21 15:00:25',1,'White-Ra\'s Stream - Starcraft 2 Live Stream (Online)',1,'0000-00-00 00:00:00'),
	(103,'http://www.youtube.com/watch?v=ux_nslpWqaE&feature=youtu.be','2011-12-21 15:01:09',1,'Starcraft II - Zerg Tutorial Working up from Bronze League - Part1 - YouTube',1,'0000-00-00 00:00:00'),
	(104,'http://www.youtube.com/watch?v=xvVUBe9aA5Q&feature=related','2011-12-21 17:15:16',1,'Starcraft II - Zerg Tutorial Working up from Bronze League - Part2 - YouTube',1,'0000-00-00 00:00:00'),
	(105,'http://cdn1.sbnation.com/fan_shot_images/232391/tumblr_lwizslkY4x1r78mwoo1_500.jpg','2011-12-22 09:48:36',1,'This just in...',1,'0000-00-00 00:00:00'),
	(106,'http://www.namecheap.com/support/knowledgebase/article.aspx/876/83/how-to-transfer-a-domain-from-godaddy','2011-12-22 09:52:48',1,'How to transfer a domain from GoDaddy (Transfer To Namecheap)  Namecheap.com Knowledgebase',1,'0000-00-00 00:00:00'),
	(107,'http://www.youtube.com/watch?v=L7XiE_V0PZ8','2011-12-22 10:56:13',1,'UC Berkeley Starcraft Class Lecture 1 - YouTube',1,'0000-00-00 00:00:00'),
	(108,'http://www.editsquarterly.com/','2011-12-22 16:25:09',4,'Edits Quarterly × Ian Coyle',1,'0000-00-00 00:00:00'),
	(109,'http://tv.majorleaguegaming.com/videos/87-losira-vs-mc-lb-finals','2011-12-22 17:46:14',1,'Losira vs MC - LB Finals | MLG.TV  Major League Gaming @ 40min',1,'0000-00-00 00:00:00'),
	(110,'http://www.cnn.com/2011/12/22/world/asia/korea-demilitarized-zone/index.html?hpt=hp_c2','2011-12-22 20:24:09',1,'In Korea\'s Demilitarized Zone: Watching them, watching us - CNN.com',1,'0000-00-00 00:00:00'),
	(111,'http://www.theatlantic.com/infocus/2011/12/kim-jong-il-1942-2011/100210/','2011-12-23 11:34:54',1,'Kim Jong Il, 1942-2011 - Alan Taylor - In Focus - The Atlantic',1,'0000-00-00 00:00:00'),
	(112,'http://www.adiumxtras.com/index.php?a=xtras&xtra_id=6515','2011-12-24 21:40:01',1,'Adium - Xtras - View Xtra: Pretty Simple',1,'0000-00-00 00:00:00'),
	(113,'http://www.adiumxtras.com/index.php?a=xtras&xtra_id=2199','2011-12-24 21:41:04',1,'Adium - Xtras - View Xtra: Smoke',1,'0000-00-00 00:00:00'),
	(114,'http://thetypefight.com/','2011-12-29 13:19:56',4,'T Y P E F I G H T',1,'0000-00-00 00:00:00'),
	(115,'http://incident57.com/codekit/','2011-12-29 18:56:31',11,'CodeKit  THE Mac App For Web Developers',0,'0000-00-00 00:00:00'),
	(116,'http://blog.beefyapps.com/2009/03/star-rating-slider/','2011-12-29 19:24:33',13,'BeefyApps Blog : Star Rating Slider',1,'0000-00-00 00:00:00'),
	(117,'http://blog.neuwert-media.com/','2011-12-29 19:25:39',13,'Michael Neuwert\'s Blog',1,'0000-00-00 00:00:00'),
	(118,'http://marked.goodnightstudio.com/profile/Wanhala/','2011-12-29 19:44:13',10,'Marked: Post bookmarkism',1,'0000-00-00 00:00:00'),
	(119,'http://www.drivingsports.com/site/2011/11/production-subaru-brz-revealed-in-tokyo/','2011-12-29 19:52:57',2,'Production Subaru BRZ Revealed in Tokyo | Driving Sports',1,'0000-00-00 00:00:00'),
	(120,'http://www.youtube.com/watch?v=pyF-8Bkn6JI','2011-12-29 20:02:02',2,'Top Gear Lamborghini Aventador',1,'0000-00-00 00:00:00'),
	(121,'http://dribbble.com/shots/366084-Youtube-UI-Design-free-resource-?list=popular&offset=10','2011-12-29 20:11:56',15,'Dribbble - Youtube UI Design (free resource) by Jackie Tran',0,'0000-00-00 00:00:00'),
	(122,'http://dribbble.com/JustinMezzell','2011-12-29 20:12:56',15,'Dribbble - Justin Mezzell',0,'0000-00-00 00:00:00'),
	(123,'http://thetypefight.com/','2011-12-29 20:13:56',15,'T Y P E F I G H T',0,'0000-00-00 00:00:00'),
	(124,'http://lifehacker.com/5871978/best-drink-mixing-recipe-app','2011-12-29 21:44:19',14,'Best Drink Mixing Recipe App?',0,'0000-00-00 00:00:00'),
	(125,'http://www.pearsonified.com/typography/','2011-12-29 21:53:26',14,'Pearsonified\'s Golden Ratio Typography Calculator',1,'0000-00-00 00:00:00'),
	(126,'http://lifehacker.com/5870649/ditch-godaddys-sopa+loving-butt-and-get-a-better-web-host-at-a-discount','2011-12-29 21:54:13',14,'Ditch GoDaddy\'s SOPA-Loving Butt and Get a Better Web Host at a Discount',1,'0000-00-00 00:00:00'),
	(127,'http://marked.goodnightstudio.com/profile/todaywasok/','2011-12-29 22:31:56',16,'Marked: Post bookmarkism',0,'0000-00-00 00:00:00'),
	(128,'http://bldgwlf.com/jonas-burgert/','2011-12-29 22:48:53',16,'Jonas Burgert | BLDGWLF',1,'0000-00-00 00:00:00'),
	(129,'http://thetypefight.com/','2011-12-29 22:51:14',16,'T Y P E F I G H T',0,'0000-00-00 00:00:00'),
	(130,'http://www.pearsonified.com/typography/','2011-12-29 22:52:35',16,'Pearsonifieds Golden Ratio Typography Calculator',0,'0000-00-00 00:00:00'),
	(131,'http://dribbble.com/','2011-12-29 22:58:11',16,'Dribbble - What are you working on?',0,'0000-00-00 00:00:00'),
	(132,'http://www.mcachicago.org/exhibitions/now/2011/288','2011-12-29 23:14:57',16,'Andrew Bird and Ian Schnellers Sonic Arboretum | Exhibitions | MCA Chicago',1,'0000-00-00 00:00:00'),
	(133,'http://www.finalgear.com/shows/topgear/17/','2011-12-30 00:06:40',2,'FinalGear.com :: Shows :: Top Gear',1,'0000-00-00 00:00:00'),
	(134,'http://dribbble.com/shots/318846-Main-screen','2011-12-30 01:10:18',15,'Dribbble - Main screen by Sasha Tikhonov',0,'0000-00-00 00:00:00'),
	(135,'http://iPhoneDeveloperTips.com/user-interface/ios-5-uiimage-and-resizableimagewithcapinsets.html','2011-12-30 09:12:16',12,'iOS 5 : UIImage and resizableImageWithCapInsets',1,'0000-00-00 00:00:00'),
	(136,'http://enderlabs.com/products/blueprints','2011-12-30 09:17:09',12,'Blueprints | iPhone Mockups',1,'0000-00-00 00:00:00'),
	(137,'http://www.subtraction.com/2011/12/30/design-staff-how-to-interview-a-designer?utm_source=feedburner&utm_medium=feed&utm_campaign=Feed%3A+subtraction+Subtraction&utm_content=Google+Reader','2011-12-30 09:19:49',14,'Subtraction.com: Design Staff: How to Interview a Designer',0,'0000-00-00 00:00:00'),
	(138,'http://www.zeldman.com/2011/12/30/the-maker-makes-on-design-community-and-personal-empowerment/','2011-12-30 09:28:29',14,'The maker makes: on design, community, and personal empowerment  Jeffrey Zeldman Presents The Daily Report',1,'0000-00-00 00:00:00'),
	(139,'http://www.crucial.com/search/searchresults.aspx?keywords=CT2KIT51264BC1339','2011-12-30 09:51:57',14,'Memory upgrades from Crucial.com - Search Categories',0,'0000-00-00 00:00:00'),
	(140,'http://www.tumblr.com/blog/laurafosterdesign','2011-12-30 13:31:32',16,'Tumblr',0,'0000-00-00 00:00:00'),
	(141,'http://hipsteripsum.me/','2011-12-30 13:54:20',16,'Hipster Ipsum | Artisanal filler text for your site or project.',1,'0000-00-00 00:00:00'),
	(142,'http://www.designersandbooks.com/blog/90%E2%80%94not-100%E2%80%94notable-design-books-2011','2011-12-30 16:04:58',14,'90Not 100Notable Design Books of 2011 | Designers',1,'0000-00-00 00:00:00'),
	(143,'https://github.com/djberg96/sys-filesystem','2011-12-31 14:36:28',14,'djberg96/sys-filesystem - GitHub',0,'0000-00-00 00:00:00'),
	(144,'http://enderlabs.com/products/blueprints','2011-12-31 20:47:24',1,'Blueprints | iPhone Mockups',1,'0000-00-00 00:00:00'),
	(145,'http://caferacer.forumotion.com/t134-honda-cx-500-first-cafe-build','2011-12-31 23:10:38',1,'Honda CX 500 first Café build',1,'0000-00-00 00:00:00'),
	(146,'http://silodrome.com/walt-siegl-ducati/','2011-12-31 23:19:04',1,'Building The Riviera Ducati SS With Walt Siegl | (SILODROME)',1,'0000-00-00 00:00:00'),
	(147,'http://www.advrider.com/forums/showthread.php?t=460631','2011-12-31 23:45:40',1,'Sydney to London on a moped called Dot - ADVrider',1,'0000-00-00 00:00:00'),
	(148,'http://www.shoebacca.com/finder/brand/supra/category/skate','2011-12-31 23:47:57',1,'Supra Skate at SHOEBACCA.com FREE Shipping',1,'0000-00-00 00:00:00'),
	(149,'http://nett.com.au/sales-marketing/easy-rider-deus-ex-machina-custom-motorcycles-sydney/','2011-12-31 23:50:24',1,'Easy Rider: Deus Ex Machina, custom motorcycles, Sydney | Nett',1,'0000-00-00 00:00:00'),
	(150,'http://au.deuscustoms.com/motorcycles/mono.html','2012-01-01 22:11:20',1,'The Mono - Deus Motorcycles',1,'0000-00-00 00:00:00'),
	(151,'http://www.slate.com/articles/arts/culturebox/2012/01/the_best_american_wall_map_david_imus_the_essential_geography_of_the_united_states_of_america_.html','2012-01-02 10:26:01',1,'The best American wall map: David Imus The Essential Geography of the United States of America - Slate Magazine',1,'0000-00-00 00:00:00'),
	(152,'http://vimeo.com/24715531','2012-01-02 11:41:11',1,'Ira Glass on Storytelling on Vimeo',1,'0000-00-00 00:00:00'),
	(153,'http://www.aiga.org/video-pivot-2011-hoefler/','2012-01-02 12:11:46',1,'AIGA | Video: Jonathan Hoefler',1,'0000-00-00 00:00:00'),
	(154,'http://www.highcaffeinecontent.com/AppleTVSDK/','2012-01-02 15:03:18',13,'AppleTV Input Library',1,'0000-00-00 00:00:00'),
	(155,'http://burlington.craigslist.org/off/2749232088.html','2012-01-02 15:04:09',13,'Studio office in Beautiful Historic Buiding',0,'0000-00-00 00:00:00'),
	(156,'http://www.aiga.org/video-pivot-2011-hoefler/','2012-01-02 16:36:31',15,'AIGA | Video: Jonathan Hoefler',0,'0000-00-00 00:00:00'),
	(157,'http://www.msruns.com/viewforum.php?f=93&sid=8072ea3bd8c6ab54ac14428eecba7ee5','2012-01-02 18:22:53',1,'www.MSruns.com  View forum - Motorcycles',1,'0000-00-00 00:00:00'),
	(158,'http://pixelclouds.com/','2012-01-02 20:24:49',11,'Pixel Clouds | Design Inspiration Blog',1,'0000-00-00 00:00:00'),
	(159,'http://www.netmagazine.com/features/10-new-year-s-resolutions-designers','2012-01-03 08:34:03',14,'10 New Years resolutions for designers | Feature | .net magazine',1,'0000-00-00 00:00:00'),
	(160,'https://stripe.com/','2012-01-03 09:33:14',14,'Stripe - Payments for developers',1,'0000-00-00 00:00:00'),
	(161,'http://www.guideguide.me/','2012-01-03 09:44:46',1,'GuideGuide - Making guides in Photoshop easier',1,'0000-00-00 00:00:00'),
	(162,'http://www.guideguide.me/','2012-01-03 10:07:25',15,'GuideGuide',0,'0000-00-00 00:00:00'),
	(163,'http://www.youtube.com/watch?v=vL22Oj4ZY60','2012-01-03 10:30:02',1,'FLOSSTRADAMUS - TOTAL RECALL (HD) - YouTube',1,'0000-00-00 00:00:00'),
	(164,'http://www.wimp.com/dubstepsymphony/','2012-01-03 11:10:01',1,'Nero\'s dubstep symphony. [VIDEO]',1,'0000-00-00 00:00:00'),
	(165,'http://thegreatdiscontent.com/','2012-01-03 11:28:14',1,'The Great Discontent',1,'0000-00-00 00:00:00'),
	(166,'http://kb2.adobe.com/cps/404/kb404439.html','2012-01-03 12:25:28',1,'Optimize performance | Photoshop CS4, CS5',1,'0000-00-00 00:00:00'),
	(167,'http://alwaysreadthemanual.com/','2012-01-03 12:57:19',14,'The Manual',1,'0000-00-00 00:00:00'),
	(168,'http://manualcreative.com/','2012-01-03 16:14:01',1,'Design Portfolio: Manual',1,'0000-00-00 00:00:00'),
	(169,'http://salacioussound.com/2011/06/neros-dubstep-symphony-2808-live-collaboration-with-bbc-philharmonic-orchestra/','2012-01-03 16:23:52',1,'Salacious Sound | Neros Dubstep Symphony 2808  Live Collaboration With BBC Philharmonic Orchestra',1,'0000-00-00 00:00:00'),
	(170,'http://esbueno.noahstokes.com/','2012-01-03 16:48:29',1,'Noah Stokes | Es Bueno',1,'0000-00-00 00:00:00'),
	(171,'http://unnamable.ytmnd.com/','2012-01-03 17:34:12',1,'YTMND - The Unnamable',1,'0000-00-00 00:00:00'),
	(172,'http://matthewbrodie.com/blog/?p=276','2012-01-03 18:08:07',4,'IDLINGS, SNAPS AND OUT-TAKES. » Madame paper dresses  making of',1,'0000-00-00 00:00:00'),
	(173,'http://www.behance.net/gallery/Inspiration-Pad/430578','2012-01-03 18:08:41',4,'Inspiration Pad on the Behance Network',1,'0000-00-00 00:00:00'),
	(174,'http://captaindash.com/','2012-01-04 03:15:09',15,'CaptainDash',0,'0000-00-00 00:00:00'),
	(175,'http://www.blauparts.com/proddetail.asp?prod=G002000','2012-01-04 09:08:32',14,'Audi Power Steering Hydraulic Fluid - Vw Power Steering Fluid',0,'0000-00-00 00:00:00'),
	(176,'http://www.sbnation.com/2012/1/4/2681378/gifs-5-1','2012-01-04 09:59:28',14,'The Greatest Animated Sports GIFs Of 2011, Numbers 5 Through 1 - SBNation.com',1,'0000-00-00 00:00:00'),
	(177,'http://vimeo.com/33359230','2012-01-04 12:24:37',14,'ink',0,'0000-00-00 00:00:00'),
	(178,'http://rcrdlbl.com/2012/01/04/download_far_east_movement_jello_unicorn_kid_remix_','2012-01-04 13:45:11',14,'DOWNLOAD: Far East Movement - Jello (Unicorn Kid Remix) - RCRD LBL',1,'0000-00-00 00:00:00'),
	(179,'http://www.youtube.com/watch?v=OcSxL8GUn-g&list=PL79184D14F872B80D','2012-01-04 15:33:57',1,'James Burke : Connections, Episode 1, \"The Trigger Effect\", 1 of 5 (CC) - YouTube',1,'0000-00-00 00:00:00'),
	(180,'http://hermajestysthunder.blogspot.com/','2012-01-04 15:54:00',13,'Her Majestys Thunder',1,'0000-00-00 00:00:00'),
	(181,'http://toresolveproject.com/index','2012-01-04 16:27:12',1,'To Resolve Project',1,'0000-00-00 00:00:00'),
	(182,'http://www.youtube.com/watch?v=qLZZ6JD0g9Y','2012-01-04 17:15:42',1,'Iowa Nice - YouTube',1,'0000-00-00 00:00:00'),
	(183,'http://letteringjs.com/','2012-01-05 09:44:18',14,'Lettering.js - A jQuery plugin for radical web typography.',1,'0000-00-00 00:00:00'),
	(184,'http://marked.goodnightstudio.com/profile/zachwood/','2012-01-05 10:01:21',3,'Marked: Post bookmarkism',1,'0000-00-00 00:00:00'),
	(185,'http://www.juliakostreva.com/','2012-01-05 14:16:51',4,'julia kostreva',1,'0000-00-00 00:00:00'),
	(186,'http://shapeshed.com/setting-up-nodejs-and-npm-on-mac-osx/','2012-01-05 20:55:37',12,'Setting up node.js and npm on Mac OSX - shapeshed',1,'0000-00-00 00:00:00'),
	(187,'http://www.youtube.com/watch?v=szr0ezLyQHY&feature=player_embedded','2012-01-05 23:15:32',15,'Nordstrom Innovation Lab: Sunglass iPad App Case Study - YouTube',0,'0000-00-00 00:00:00'),
	(188,'http://vimeo.com/17084347','2012-01-06 10:22:34',4,'Frank Chimero - The Shape of Design on Vimeo',1,'0000-00-00 00:00:00'),
	(189,'http://www.strangenative.com/toward-a-new-education/','2012-01-06 11:19:34',14,'09. Toward a New Education | Strange Native',0,'0000-00-00 00:00:00'),
	(190,'http://shapeshed.com/setting-up-nodejs-and-npm-on-mac-osx/','2012-01-06 11:19:56',14,'Setting up node.js and npm on Mac OSX - shapeshed',0,'0000-00-00 00:00:00'),
	(191,'http://www.youtube.com/watch?feature=player_embedded&v=7XfBzYK9acs','2012-01-06 12:09:23',4,'BMW MOTORRAD - YouTube',1,'0000-00-00 00:00:00'),
	(192,'http://www.ashleyording.com/2012/01/dream-outfits-for-new-year.html','2012-01-06 12:51:21',4,'Fancy Fine: dream outfits for the new year',0,'0000-00-00 00:00:00'),
	(193,'http://www.pbs.org/wnet/americanmasters/episodes/charles-ray-eames-the-architect-and-the-painter/watch-the-full-documentary-film/1950/','2012-01-06 14:14:13',3,'Charles',1,'0000-00-00 00:00:00'),
	(194,'http://www.sublimetext.com/dev','2012-01-07 16:55:24',1,'Sublime Text 2 - Latest Dev Builds',1,'2012-01-07 17:06:07'),
	(195,'http://www.fogcreek.com/Jobs/Design.html','2012-01-06 15:55:26',14,'Interaction Designer | Fog Creek Software',1,'0000-00-00 00:00:00'),
	(196,'http://www.bodyswitcher.com/drag.asp?template=0-383-600-seven_of_nine_star_trek_voyager-~144.25_19.7_504.6_446','2012-01-06 17:51:11',3,'Seven Of Nine Star Trek Voyager, Place Your Mug Shot (Face) In THis Photo Template',1,'0000-00-00 00:00:00'),
	(197,'http://www.getshareapp.com/downloads/complete?os=mac','2012-01-07 17:47:17',16,'Share - Unlimited sending of videos photos and files for free - Powered by BitTorrent',0,'2012-01-07 17:47:17'),
	(198,'http://spyrestudios.com/28-brilliant-form-layouts-in-user-interface-design/','2012-01-08 12:11:37',16,'28 Brilliant Form Layouts in User Interface Design | SpyreStudios',1,'2012-01-08 12:11:37'),
	(199,'http://www.mikechambers.com/blog/2011/05/29/setting-up-desktop-streaming-on-mac-os-x/','2012-01-08 14:21:56',1,'Streaming your Desktop on Mac OS X',1,'2012-01-09 09:19:32'),
	(200,'http://visualidiot.com/articles/photoshop','2012-01-09 10:14:31',1,'Visual Idiot · Photoshop Simulator',1,'2012-01-09 10:14:31'),
	(201,'http://www.alphaila.com/articles/failure/fast-food-false-advertising-vs-reality/','2012-01-09 11:07:37',1,'Fast Food - Ads vs. Reality',1,'2012-01-09 11:07:37'),
	(202,'http://www.oldparkedcars.com/','2012-01-09 11:59:21',1,'Old Parked Cars.',1,'2012-01-09 11:59:21'),
	(203,'http://www.vice.com/uneven-terrain/detroit-lives-vbs-part-1-of-3','2012-01-09 12:12:31',1,'Detroit Lives | Uneven Terrain | VICE',1,'2012-01-09 12:12:31'),
	(204,'http://www.iamthelab.com/shop/','2012-01-09 14:41:35',16,'The IAMTHELAB Shop',1,'2012-01-09 14:41:35'),
	(205,'http://www.iamthelab.com/','2012-01-09 14:41:50',16,'IAMTHELÄB',1,'2012-01-09 14:41:50'),
	(206,'http://www.loc.gov/pictures/search/?sp=1&co=wpapos&st=grid','2012-01-10 08:22:42',14,'WPA Posters',1,'2012-01-10 08:22:42'),
	(207,'http://scriptographer.org/','2012-01-10 10:40:56',16,'Scriptographer.org - Awesome for illustrator!',1,'2012-01-10 10:40:56'),
	(208,'http://blaxill.com/','2012-01-10 12:33:57',4,'Susannah Blaxill - Botanical Artist',1,'2012-01-10 12:33:57'),
	(209,'http://design-milk.com/trash-me-lamp-by-victor-vetterlein/?utm_source=feedburner&utm_medium=Google+Reader&utm_campaign=Feed%3A+design-milk+%28Design+Milk%29&utm_content=Google+Reader','2012-01-10 13:08:48',14,'Trash Me Lamp by Victor Vetterlein | Design Milk',1,'2012-01-10 13:08:48'),
	(210,'http://www.swissted.com/','2012-01-10 13:26:09',1,'swissted',1,'2012-01-10 13:26:09'),
	(211,'http://www.uiparade.com/the-blog/apple-device-screen-canvas-generator-free-plugin/','2012-01-10 13:47:39',1,'Apple Device Screen Canvas Generator  PS Plugin',1,'2012-01-10 13:47:39'),
	(212,'http://www.boston.com/bostonglobe/ideas/naps/','2012-01-10 14:12:40',3,'How to nap - Boston.com',1,'2012-01-10 14:12:40'),
	(213,'http://365awesomedesigners.com/','2012-01-10 14:46:30',18,'365 awesome designers',0,'2012-01-10 14:46:30'),
	(214,'http://blog.iso50.com/','2012-01-10 15:30:20',16,'ISO50 Blog  The Blog of Scott Hansen (Tycho / ISO50) » The blog of Scott Hansen (aka ISO50 / Tycho)',1,'2012-01-10 15:30:20'),
	(215,'http://cortexapp.com/','2012-01-10 15:48:02',16,'Cortex - chrome',1,'2012-01-10 15:48:02'),
	(216,'http://redpaperheart.com/','2012-01-10 16:26:44',15,'Red Paper Heart',0,'2012-01-10 16:26:44'),
	(217,'http://momentusproject.com/','2012-01-10 17:19:22',1,'The Momentus Project',1,'2012-01-10 17:19:22'),
	(218,'http://hypem.com/zeitgeist/2011/songs','2012-01-10 17:24:08',4,'Mixes featuring the Most Blogged & Loved Songs of 2011 / The Hype Machine',1,'2012-01-10 17:24:08'),
	(219,'http://www.manss.com/sites/all/files/Vitsoe_planning_spread2.jpg?1262799607','2012-01-10 17:27:09',1,'Vitsoe manual (Dieter Rams)',1,'2012-01-10 17:27:09'),
	(220,'http://www.youtube.com/watch?feature=player_embedded&v=V7qnG5rBfO0','2012-01-10 17:34:19',1,'Bassnectar Explains Dubstep (in under 3 minutes) - YouTube',1,'2012-01-10 17:34:19'),
	(221,'http://www.petapixel.com/2012/01/10/this-photograph-is-not-free/','2012-01-11 09:50:51',1,'This Photograph Is Not Free',1,'2012-01-11 09:50:51'),
	(222,'http://responsivepx.com/','2012-01-11 10:36:59',14,'responsivepx - find that tricky breakpoint',1,'2012-01-11 10:36:59'),
	(223,'http://www.fastcodesign.com/1665748/hey-dummy-this-is-what-responsive-design-means','2012-01-11 10:49:51',15,'Hey Dummy: This Is What \"Responsive Design\" Means | Co.Design',0,'2012-01-11 10:49:51'),
	(224,'http://www.macmation.com/blog/2011/10/quicklook-plugin-for-mobile-provision-files/','2012-01-11 11:35:32',12,'QuickLook plugin for Mobile Provision files',1,'2012-01-11 11:35:32'),
	(225,'http://borkware.com/quickies/','2012-01-11 11:36:47',12,'Borkware Code Quickies',1,'2012-01-11 11:36:47'),
	(226,'http://borkware.com/quickies/','2012-01-11 11:37:16',13,'Cocoa/Cocoa Touch Quickies & Code Snippets',1,'2012-01-11 11:37:16'),
	(227,'http://www.quirksmode.org/css/contents.html','2012-01-11 11:57:52',1,'CSS - Contents and compatibility',1,'2012-01-11 11:57:52'),
	(228,'http://illustratedetymology.com/','2012-01-11 12:31:55',4,'Illustrated Etymology',1,'2012-01-11 12:31:55'),
	(229,'http://punchfork.com/','2012-01-11 13:15:22',16,'Punchfork | The best new recipes from top food sites',1,'2012-01-11 13:15:22'),
	(230,'http://www.amazon.com/You-Diet-Owners-Manual-Management/dp/0743292545','2012-01-11 13:34:31',16,'Amazon.com: You, on a Diet: The Owner\'s Manual for Waist Management (9780743292542): Michael F. Roizen, Mehmet C. Oz: Books',0,'2012-01-11 13:34:31'),
	(231,'http://ios.biomsoft.com/2012/01/10/uicolor-from-hex/','2012-01-11 14:28:44',13,'UIColor from hex | iOS Development Tips',1,'2012-01-11 14:28:44'),
	(232,'http://geotypografika.tumblr.com/','2012-01-11 15:55:17',16,'Geotypografika Plus',1,'2012-01-11 15:55:17'),
	(233,'http://scriptographer.org/','2012-01-11 15:56:14',14,'Scriptographer.org - News',0,'2012-01-11 15:56:14'),
	(234,'http://jplayer.org/','2012-01-11 16:05:05',1,'jPlayer : HTML5 Audio',1,'2012-01-11 16:05:05'),
	(235,'http://www.roasting.com/','2012-01-11 18:56:28',1,'Salt Lake Roasting Company',0,'2012-01-11 18:56:46'),
	(236,'http://dbox.tumblr.com/post/5426249009/instagram-filters-as-photoshop-actions','2012-01-12 00:19:10',15,'dbox - Instagram Filters as Photoshop Actions',0,'2012-01-12 00:19:10'),
	(237,'http://www.chris-wang.com/#_revenge','2012-01-12 02:24:28',15,'CW. / Design',0,'2012-01-12 02:24:28'),
	(238,'http://uxdesign.smashingmagazine.com/2012/01/12/inclusive-design/','2012-01-12 09:43:07',14,'Inclusive Design - Smashing UX Design | Smashing UX Design',1,'2012-01-12 09:43:07'),
	(239,'http://meyerweb.com/eric/tools/css/reset/','2012-01-12 10:21:14',1,'CSS Tools: Reset CSS',1,'2012-01-12 10:21:14'),
	(240,'http://incident57.com/codekit/','2012-01-12 12:15:04',14,'CodeKit  THE Mac App For Web Developers',1,'2012-01-12 12:15:04'),
	(241,'http://www.youtube.com/watch?v=sXqXpwyBI1k','2012-01-12 14:36:30',1,'Great UI Example: Scorekeeper for the PlayBook',1,'2012-01-12 14:36:30'),
	(242,'http://developer.android.com/design/index.html','2012-01-12 15:15:05',1,'Android Design - Welcome',1,'2012-01-12 15:15:05'),
	(243,'http://vimeo.com/34608191','2012-01-12 15:24:49',1,'PressPausePlay on Vimeo',1,'2012-01-12 15:24:49'),
	(244,'https://github.com/tlrobinson/evil.css/blob/master/evil.css','2012-01-12 16:08:02',3,'evil.css at master from tlrobinson/evil.css - GitHub',1,'2012-01-12 16:08:02'),
	(245,'http://vimeo.com/channels/hdgirls#26401420','2012-01-12 18:12:12',15,'HD Girls on Vimeo',0,'2012-01-12 18:12:12'),
	(246,'http://www.theverge.com/2012/1/12/2703021/android-matias-duarte-live-special-announcement','2012-01-12 18:18:38',1,'Matias Duarte interview: Android Design guidelines announcement | The Verge',1,'2012-01-12 18:18:38'),
	(247,'http://www.pixiq.com/article/maryland-motorcyclist-spends-26-hours-in-jail-on-wiretapping-charge-for-filming-cop-with-gun','2012-01-12 20:36:42',1,'Motorcyclist jailed for 26 hours for videotaping cop',1,'2012-01-12 23:09:22'),
	(248,'http://dribbble.com/shots/294493-Inbox-Looking-for-color-scheme-?list=suggestions','2012-01-12 23:09:50',19,'Dribbble - Inbox (Looking for color scheme) by I\'m Charlie - TheIssland',0,'2012-01-12 23:09:50'),
	(249,'http://www.flickr.com/photos/79308669@N00/','2012-01-12 23:15:04',19,'patrick lofts',0,'2012-01-12 23:15:04'),
	(250,'http://vimeo.com/29986424','2012-01-13 11:47:23',4,'A Year of Sun with Mr. Persol - HD on Vimeo',1,'2012-01-13 11:47:23'),
	(251,'http://www.flickr.com/photos/mwichary/2139600203/','2012-01-13 15:28:47',15,'Die Neue Haas Grotesk | Flickr - Photo Sharing!',0,'2012-01-13 15:28:47'),
	(252,'http://www.smashingmagazine.com/2012/01/09/high-quality-free-fonts-2012/','2012-01-13 16:11:12',15,'New High-Quality Free Fonts (2012 Edition) - Smashing Magazine | Smashing Magazine',0,'2012-01-13 16:11:12'),
	(253,'http://vimeo.com/22543258','2012-01-13 16:38:42',1,'KODACHROME 2010 on Vimeo',1,'2012-01-13 16:38:42'),
	(254,'http://www.youtube.com/watch?feature=player_embedded&v=0eqgCuqDsz0','2012-01-13 16:43:40',1,'Herb Lubalin: The origins of the PBS logo',1,'2012-01-13 16:43:40'),
	(255,'http://en.unitportables.com/collections/units/products/unit-01-incl-02-and-03','2012-01-13 17:00:09',15,'Unit Portables | Unit 0103',0,'2012-01-13 17:00:09'),
	(256,'http://www.secretgeometry.com/apps/cathode/','2012-01-15 12:24:00',1,'Cathode « Secret Geometry - Visual Unix Terminal Emulation',1,'2012-01-15 12:24:00'),
	(257,'http://places.designobserver.com/slideshow/detroit-rephotography/32008/2208/1#slide','2012-01-15 20:43:48',1,'Detroit Re-Photography: Slideshow: Places: Design Observer',1,'2012-01-15 20:43:48'),
	(258,'http://factsandchicks.com/','2012-01-15 23:26:20',15,'Facts and Chicks',0,'2012-01-15 23:26:20'),
	(259,'http://acko.net/blog/making-love-to-webkit/','2012-01-16 10:21:59',1,'Making Love to WebKit  Acko.net',1,'2012-01-16 10:21:59'),
	(260,'http://www.androiddesign.info/','2012-01-16 10:23:10',1,'Android 4.0 Ice Cream Sandwich  Photoshop design startkit',1,'2012-01-16 10:23:10'),
	(261,'http://www.impressivewebs.com/skills-front-end-developers/','2012-01-16 11:20:03',14,'Skills for Front-End Developers | Impressive Webs',1,'2012-01-16 11:20:03'),
	(262,'http://freecabinporn.com/','2012-01-16 12:06:47',15,'Cabin Porn',1,'2012-01-16 12:06:47'),
	(263,'http://pinacolada.danielpotter.com/dmd-art-guide.html','2012-01-16 12:29:18',13,'PinaColada - Visual Pinball Cabinet Project - DMD Art Guide - Introduction',1,'2012-01-16 12:29:18'),
	(264,'http://acko.net/blog/on-termkit/','2012-01-16 12:37:03',13,'On TermKit  Rich Display *nix Terminal via Webkit',1,'2012-01-16 12:37:03'),
	(265,'http://stackoverflow.com/questions/431205/how-can-i-programatically-change-the-background-in-mac-os-x','2012-01-16 13:58:27',1,'python - How can I programatically change the background in Mac OS X?',1,'2012-01-16 13:58:27'),
	(266,'http://www.momentusproject.com/','2012-01-16 15:00:45',14,'The Momentus Project',1,'2012-01-16 15:00:45'),
	(267,'http://vimeo.com/28343146','2012-01-16 21:44:16',1,'THE HILL - Maxxis Tyres British Drift Championship Round 4 on Vimeo',1,'2012-01-16 21:44:16'),
	(268,'http://gitref.org/branching/','2012-01-17 00:32:24',1,'Git Reference - Branching',1,'2012-01-17 00:32:24'),
	(269,'http://twitter.github.com/bootstrap/','2012-01-17 08:19:28',14,'Bootstrap, from Twitter',1,'2012-01-17 08:19:28'),
	(270,'http://www.graphic-exchange.com/03identity.htm','2012-01-17 10:50:18',20,'Graphic-ExchanGE - a selection of graphic projects',0,'2012-01-17 10:50:18'),
	(271,'http://alexmaccaw.com/posts/how_to_travel_around_the_world','2012-01-17 14:02:08',1,'How to travel around the world for a year.',1,'2012-01-17 14:02:08'),
	(272,'http://www.worldnomads.com/','2012-01-17 14:08:03',1,'Travel Insurance Online - Travel Safely with World Nomads',1,'2012-01-17 14:08:03'),
	(273,'http://japaneseicecream.blogspot.com/2009/04/japanese-mochi-ice-cream-recipe.html','2012-01-17 15:56:35',16,'Japanese Ice Cream: How To Make Japanese Mochi Ice Cream Recipe',1,'2012-01-17 15:56:35'),
	(274,'http://www.sobe.com/#!/home/skinsuit','2012-01-18 15:55:28',15,'SoBe',1,'2012-01-18 15:55:28'),
	(275,'http://www.beoplay.com/','2012-01-18 16:00:47',15,'B',1,'2012-01-18 16:00:47'),
	(276,'http://jdk.com/makeitnew/newyork/','2012-01-18 16:08:38',16,'JDK | BLOG | Make It New.',1,'2012-01-18 16:08:38'),
	(277,'http://blog.laurenmoffatt.net/p/map-and-morgan-lauren-moffatt-spring.html','2012-01-18 16:40:24',4,'Lauren Moffatt: A Map and A Morgan. | Lauren Moffatt Spring 2012',0,'2012-01-18 16:40:24'),
	(278,'http://www.behance.net/gallery/The-54th-Grammys-We-Are-Music/2731025','2012-01-18 17:33:43',20,'The 54th Grammy\'s - We Are Music on the Behance Network',1,'2012-01-18 17:33:43'),
	(279,'http://www.flickr.com/photos/senhesse/6075951907/sizes/l/','2012-01-18 17:35:55',20,'Journey to the Center of the Earth -- Illustration',1,'2012-01-18 17:35:55'),
	(280,'http://www.fromupnorth.com/2012/01/graphic-design-inspiration-411/','2012-01-18 17:36:13',20,'From Up North -- GD inspiration',1,'2012-01-18 17:36:13'),
	(281,'http://www.losttype.com/font/?name=blanch','2012-01-18 17:40:36',16,'Lost Type Co-op | Blanch',1,'2012-01-18 17:40:36'),
	(282,'http://vimeo.com/34555617','2012-01-18 18:42:13',1,'Levi\'s video on Wrenchmonkees',1,'2012-01-18 18:42:13'),
	(283,'http://detroitbicyclecompany.com/','2012-01-18 22:57:09',4,'Detroit Bicycle Company | Custom Fixed Gear Bicycles Created in Detroit',1,'2012-01-18 22:57:09'),
	(285,'http://www.netmagazine.com/tutorials/create-monstrous-characters-illustrator-cs5s-bristle-brush','2012-01-19 08:21:04',14,'Create monstrous characters with Illustrator CS5\'s Bristle Brush | Tutorial | .net magazine',1,'2012-01-19 08:21:04'),
	(286,'http://projects.propublica.org/sopa/','2012-01-19 09:37:19',5,'Who in Congress Supports SOPA and PIPA/PROTECT-IP? | SOPA Opera | ProPublica',1,'2012-01-19 09:37:19'),
	(287,'http://fashiongonerogue.com/louise-pedersen-signe-vilstrup-elle-denmark-january-2012/','2012-01-19 10:36:46',4,'Louise Pedersen by Signe Vilstrup for Elle Denmark January 2012',0,'2012-01-19 10:36:46'),
	(288,'http://the99percent.com/tips/7127/6-Steps-To-Creating-A-Knockout-Online-Portfolio','2012-01-19 13:10:09',16,'6 Steps To Creating A Knockout Online Portfolio :: Tips :: The 99 Percent',1,'2012-01-19 13:10:09'),
	(289,'http://jessepedersen.com/dmv/','2012-01-19 15:11:23',5,'',0,'2012-01-19 15:11:23'),
	(290,'http://www.kickstarter.com/projects/recartfurniture/the-bike-valet-art-meet-function?ref=users','2012-01-19 15:23:20',16,'The Bike Valet - Art, meet Function... by Steven Tiller  Kickstarter',1,'2012-01-19 15:23:20'),
	(291,'https://droplr.com/hello','2012-01-19 16:08:14',16,'Droplr  Hello',1,'2012-01-19 16:08:14'),
	(292,'http://www.youtube.com/watch?v=xLEe496IS1o','2012-01-19 16:13:39',1,'Errol Morris interviews mob lawyer Murray Richman - 1/3 - YouTube',1,'2012-01-19 16:13:39'),
	(293,'http://bookshelfporn.com/','2012-01-19 16:47:52',4,'Bookshelf Porn',1,'2012-01-19 16:47:52'),
	(294,'http://blog.hipmunk.com/post/16129662762/the-making-of-hotel-search-on-mobile','2012-01-19 16:48:25',1,'Hipmunk - The Making of Hotel Search on Mobile',1,'2012-01-19 16:48:25'),
	(295,'http://letterpress.iancoyle.com/','2012-01-19 17:53:44',4,'73 Letterpress',1,'2012-01-19 17:53:44'),
	(296,'http://www.thinkingforaliving.org/','2012-01-19 17:58:22',4,'Thinking for a Living',1,'2012-01-19 17:58:22'),
	(297,'http://technolog.msnbc.msn.com/_news/2012/01/19/10190893-jon-stewart-dramatic-chipmunk-call-out-congressional-nerd-bashing','2012-01-20 01:15:43',1,'Jon Stewart calls out congressional nerd bashing',1,'2012-01-20 01:15:43'),
	(298,'http://www.inkerlinker.com/','2012-01-20 08:41:07',16,'Inker Linker - Find awesome printing studios!',1,'2012-01-20 08:41:07'),
	(299,'http://www.fastcodesign.com/1665850/wanted-cuppow-a-plastic-lid-that-turns-mason-jars-into-travel-mugs','2012-01-20 09:28:16',1,'Cuppow, A Plastic Lid That Turns Mason Jars Into Travel Mugs | Co.Design',1,'2012-01-20 09:28:16'),
	(300,'http://www.hipmunk.com/?referrer=blog-masthead','2012-01-20 09:33:11',16,'Hipmunk: Better Flight and Hotel Search',1,'2012-01-20 09:33:11'),
	(301,'http://choppercharles.com/cs/forums/149387/ShowPost.aspx','2012-01-20 10:17:00',1,'Triple bypass parts list? - Honda CX500',1,'2012-01-20 10:17:00'),
	(302,'http://vimeo.com/27346422','2012-01-20 10:40:28',1,'Lossa Engineering\'s short film \"Solus\" on Vimeo',1,'2012-01-20 10:40:28'),
	(303,'http://www.kickerstudio.com/blog/2010/10/design-titles-and-levels-of-experience/','2012-01-20 11:28:03',1,'Kicker Studio: Design Titles and Levels of Experience',1,'2012-01-20 11:28:03'),
	(304,'http://www.theleagueofmoveabletype.com/','2012-01-20 12:28:39',4,'The League of Moveable Type',1,'2012-01-20 12:28:39'),
	(305,'http://advrider.com/forums/showthread.php?t=712386','2012-01-20 15:02:06',1,'Suzuki DR650 Build - Transformation to an Adventure Bike - ADVrider',1,'2012-01-20 15:02:06'),
	(306,'https://github.com/bcoe/DoloresLabsTechTalk','2012-01-21 02:38:26',3,'Chrome Extension Development, By Practical Example',1,'2012-01-21 02:38:26'),
	(307,'http://places.designobserver.com/feature/lessons-from-the-front-lines-of-social-design/31998/#.TxRxqfkQnGY.facebook','2012-01-21 09:31:41',5,'Arcosanti, Rural Studio, YouthBuild: On the Front Lines of Social Design: Places: Design Observer',1,'2012-01-21 09:31:41'),
	(308,'http://www.smashingapps.com/2011/02/02/50-free-web-ui-mobile-ui-wireframe-kits-and-source-files-for-designers.html','2012-01-22 14:58:29',16,'50 Free Web UI, Mobile UI, Wireframe Kits And Source Files For Designers | Free and Useful Online Resources for Designers and Developers',1,'2012-01-22 14:58:29'),
	(309,'http://graffletopia.com/stencils/42','2012-01-22 14:59:42',16,'Wireframe Shapes - Graffletopia',1,'2012-01-22 14:59:42'),
	(310,'http://lostamerica.com/','2012-01-23 00:31:18',3,'Lost America | Night Photography of the Abandoned West',1,'2012-01-23 00:31:18'),
	(311,'http://buero-buero.org/','2012-01-23 09:39:58',4,'Buero Buero Works On Mondays',1,'2012-01-23 09:39:58'),
	(312,'http://www.quirky.com/products/22-The-Space-Bar-Desk-Organizer','2012-01-23 09:52:02',16,'quirky - The Space Bar Desk Organizer',1,'2012-01-23 09:52:02'),
	(313,'http://www.quirky.com/products/44-Pivot-Power-Flexible-Power-Strip','2012-01-23 09:52:47',16,'quirky - Pivot Power Flexible Power Strip',1,'2012-01-23 09:52:47'),
	(314,'http://absurdoverheard.com/','2012-01-23 09:53:14',16,'Absurd Overheard',1,'2012-01-23 09:53:14'),
	(315,'http://www.designersandbooks.com/','2012-01-23 10:24:22',14,'Designers & Books',1,'2012-01-23 10:24:22'),
	(316,'http://www.benliney.com/','2012-01-23 10:29:19',4,'Ben Liney',1,'2012-01-23 10:29:19'),
	(317,'http://oscar.go.com/','2012-01-23 10:50:49',22,'The Oscars 2012 | Academy Awards 2012',1,'2012-01-23 10:50:49'),
	(318,'http://collabcubed.com/','2012-01-23 11:08:04',16,'CollabCubed - interesting inspiration',1,'2012-01-23 11:08:04'),
	(319,'http://www.workconnectsusall.org/#/home','2012-01-23 11:21:44',15,'WORK CONNECTS US ALL - HOME',1,'2012-01-23 11:21:44'),
	(320,'http://www.pepperplate.com/','2012-01-23 12:01:29',16,'Pepperplate',1,'2012-01-23 12:01:29'),
	(321,'http://html5please.us/','2012-01-23 12:24:34',1,'HTML5 Please - Use the new and shiny responsibly',1,'2012-01-23 12:24:34'),
	(322,'http://www.alessioatzeni.com/mac-osx-lion-css3/#','2012-01-23 12:54:56',15,'Mac OS X Lion CSS3 by Alessio Atzeni',1,'2012-01-23 12:54:56'),
	(323,'http://html5please.us/','2012-01-23 13:37:53',14,'HTML5 Please - Use the new and shiny responsibly',1,'2012-01-23 13:37:53'),
	(324,'http://www.unitedpixelworkers.com/products/a-book-apart','2012-01-23 14:43:22',22,'United Pixelworkers  A Book Apart T-Shirt',1,'2012-01-23 14:43:22'),
	(325,'http://viniciusvacanti.com/2012/01/23/have-idea-for-a-startup-dont-launch-a-company-launch-an-experiment/','2012-01-23 18:25:57',1,'Have Idea for a Startup? Dont Launch a Company, Launch an Experiment',1,'2012-01-23 18:25:57'),
	(326,'http://www.kalzumeus.com/2012/01/23/salary-negotiation/','2012-01-23 18:42:34',1,'Salary Negotiation: Make More Money, Be More Valued',1,'2012-01-23 18:42:34'),
	(327,'http://www.realcyclist.com/complete-road-bikes#app=price%7E+group%7E+brand%7E+sortby%7E+cat%7E100000010+subcat%7E100000060+offset%7E0+on_sale%7E+page_name%7E','2012-01-23 22:03:40',16,'Complete Road Bikes from Realcyclist.com',0,'2012-01-23 22:03:40'),
	(328,'http://www.onehourpersecond.com/','2012-01-23 23:08:17',16,'YouTube - One Hour Per Second',0,'2012-01-23 23:08:17'),
	(329,'http://www.inc.com/magazine/201202/jason-fried/starting-over-get-real.html','2012-01-24 08:28:05',14,'Starting Over | Get Real | Jason Fried | Inc.com',1,'2012-01-24 08:28:05'),
	(330,'http://i.imgur.com/2eVsy.png','2012-01-24 11:42:10',3,'2eVsy.png (654×884)',1,'2012-01-24 11:42:10'),
	(331,'http://www.photolettering.com/','2012-01-24 12:47:49',16,'Photo-Lettering',1,'2012-01-24 12:47:49'),
	(332,'http://vimeo.com/34948855','2012-01-24 13:42:31',14,'Star Wars Uncut: Director\'s Cut on Vimeo',1,'2012-01-24 13:42:31'),
	(333,'http://vimeo.com/34017777','2012-01-24 14:03:57',1,'Wilson Miner - When We Build on Vimeo',1,'2012-01-24 14:03:57'),
	(334,'http://www.apartmenttherapy.com/','2012-01-24 15:28:13',16,'Apartment Therapy | Saving the world, one room at a time',1,'2012-01-24 15:28:13'),
	(335,'http://52weeksofux.com/','2012-01-24 16:12:26',1,'52 Weeks of UX',1,'2012-01-24 16:12:26'),
	(336,'https://testflightapp.com/dashboard/','2012-01-24 18:17:22',15,'TestFlight » Install Apps',0,'2012-01-24 18:17:22'),
	(337,'http://www.influx.co.uk/wordpress/features/we-come-from-garageland/','2012-01-24 19:22:12',1,'Garageland | Influx Magazine',1,'2012-01-24 19:22:12'),
	(338,'http://www.markshuttleworth.com/archives/939','2012-01-24 20:12:21',3,'Introducing the HUD. Say hello to the future of the menu.',1,'2012-01-24 20:12:21'),
	(339,'http://www.ducatisuite.com/beltchange.html','2012-01-24 22:14:41',1,'Ducati Suite- Belt Tension Adjustment',1,'2012-01-24 22:14:41'),
	(340,'http://thinkprogress.org/politics/2012/01/24/409088/facts-the-state-of-the-union/?mobile=nc','2012-01-24 22:38:19',14,'FACTS: The State Of The Union | ThinkProgress',0,'2012-01-24 22:38:19'),
	(341,'http://designerfounders.com/blog/book-sneak-peak-mike-matas-of-facebook-and-push-pop-press/','2012-01-25 00:05:11',1,'Mike Matas of Push Pop Press | Designer Founders Blog',1,'2012-01-25 00:05:25'),
	(342,'http://ericabotkin.com/work/will-johns/','2012-01-25 10:58:47',1,'Photography - Will Johns : Erica Botkin',1,'2012-01-25 10:58:47'),
	(343,'http://www.lendingclub.com/home.action','2012-01-25 11:40:32',3,'Lending Club - Personal Loans',1,'2012-01-25 11:40:32'),
	(344,'http://lowcommitmentprojects.com/','2012-01-25 12:42:06',16,'Low-Commitment Projects',1,'2012-01-25 12:42:06'),
	(345,'http://saltlakecity.startupweekend.org/','2012-01-25 13:37:35',1,'Startup Weekend Salt Lake City',1,'2012-01-25 13:37:35'),
	(348,'http://www.ritmo-sereno.com/46blog/archives/003/cat210/','2012-01-25 14:58:52',1,'46blog Arturo 1000 moto build',1,'2012-01-25 14:58:52'),
	(349,'http://lostamerica.com/','2012-01-25 15:34:46',1,'Lost America | Night Photography of the Abandoned West',1,'2012-01-25 15:34:46'),
	(350,'http://littlebigdetails.com/','2012-01-25 15:45:05',5,'Little Big Details',1,'2012-01-25 15:45:05'),
	(351,'http://blog.sewardinc.com/2012/01/24/dying-for-a-power-nap-at-the-office/','2012-01-25 19:35:58',3,'Dying for a Power Nap at the Office?',1,'2012-01-25 19:35:58'),
	(352,'http://www.amazon.com/gp/product/0321804112?ie=UTF8&tag=thioutin-20&linkCode=shr&camp=213733&creative=393185&creativeASIN=0321804112&ref_=sr_1_1&s=books&qid=1325658300&sr=1-1','2012-01-25 22:52:57',5,'Amazon.com: Grouped: How small groups of friends are the key to influence on the social web (Voices That Matter) (9780321804112): Paul Adams: Books',1,'2012-01-25 22:52:57'),
	(353,'http://rachelbythebay.com/w/2012/01/21/notfree/','2012-01-26 09:58:00',1,'Google\'s \"free food\" is not free',1,'2012-01-26 09:58:00'),
	(354,'http://blog.hartleybrody.com/2012/01/google-python/','2012-01-26 10:10:37',1,'Googles Python Lessons are Awesome | Hartley Brody',1,'2012-01-26 10:10:37'),
	(355,'http://www.behance.net/gallery/CALENDAR-2012/2736781','2012-01-26 12:03:03',20,'CALENDAR 2012 on the Behance Network',1,'2012-01-26 12:03:03'),
	(356,'http://www.behance.net/gallery/Calendared/2964751','2012-01-26 12:07:55',20,'Calendared on the Behance Network',1,'2012-01-26 12:07:55'),
	(357,'http://priceonomics.com/','2012-01-26 13:24:33',3,'The Price Guide for Everything | Used Prices on Priceonomics',1,'2012-01-26 13:24:33'),
	(358,'http://www.airbnb.com/global-growth','2012-01-26 13:28:19',4,'Airbnb\'s Global Growth Infographic',1,'2012-01-26 13:28:19'),
	(359,'http://www.airbnb.com/global-growth','2012-01-26 13:29:31',15,'Airbnb\'s Global Growth Infographic',1,'2012-01-26 13:29:31'),
	(360,'http://littlebigdetails.com/','2012-01-26 13:30:00',15,'Little Big Details',1,'2012-01-26 13:30:00'),
	(361,'http://danteterzigni.com/','2012-01-26 13:41:43',4,'Dante Terzigni Illustration',1,'2012-01-26 13:41:43'),
	(362,'http://www.adidas.com/football/se/pages/f50','2012-01-26 13:56:33',15,'adizero f50 - adidas Football',1,'2012-01-26 13:56:33'),
	(363,'http://mrdoob.com/','2012-01-26 13:57:09',15,'Mr.doob | The Single Lane Superhighway',1,'2012-01-26 13:57:09'),
	(364,'http://travel.nationalgeographic.com/travel/national-parks/vintage-posters/','2012-01-26 14:37:21',15,'Vintage U.S. Parks Posters -- National Geographic',1,'2012-01-26 14:37:21'),
	(365,'https://www.destroyallsoftware.com/talks/wat','2012-01-26 18:10:48',1,'Wat  Destroy All Software Talks',1,'2012-01-26 18:10:48'),
	(366,'http://www.wrightwayrescue.net/Volunteering-.html','2012-01-27 10:26:24',14,'Wright-Way Rescue Volunteers',0,'2012-01-27 10:26:24'),
	(367,'http://www.cph-artfestival.org/index.php?lang=en#/home','2012-01-27 12:45:28',15,'Copenhagen Art Festival',1,'2012-01-27 12:45:28'),
	(368,'http://www.znak-life.com/#/znak/','2012-01-27 15:54:06',16,'ZNAK',1,'2012-01-27 15:54:06'),
	(369,'http://www.zachstronaut.com/lab/text-shadow-box/stop-sopa.html','2012-01-27 16:00:02',16,'STOP SOPA!',0,'2012-01-27 16:00:02'),
	(370,'http://vimeo.com/35403052','2012-01-27 17:10:11',1,'The Motomethod Story on Vimeo',1,'2012-01-27 17:10:11'),
	(371,'http://ruby.railstutorial.org/ruby-on-rails-tutorial-book?version=3.2','2012-01-27 17:39:06',1,'Ruby on Rails Tutorial: Learn Rails by Michael Hartl',1,'2012-01-27 17:39:19'),
	(372,'https://www.commondreams.org/view/2012/01/26-3','2012-01-27 21:53:09',3,'How Swedes and Norwegians Broke the Power of the 1 Percent | Common Dreams',1,'2012-01-27 21:53:09'),
	(373,'http://www.danielleishere.com/','2012-01-29 23:57:43',4,'Danielle Davis // Design & Illustration',1,'2012-01-29 23:57:43'),
	(374,'http://typeverything.com/','2012-01-30 09:40:52',4,'Typeverything',1,'2012-01-30 09:40:52'),
	(375,'http://thefoxisblack.com/2012/01/27/ditch-helvetica-try-these-5-contemporary-sans-serif-typefaces/','2012-01-30 10:39:03',15,'The Fox Is Black » Ditch Helvetica, try these 5 contemporary sans serif typefaces',1,'2012-01-30 10:39:03'),
	(376,'http://saltsurf.com/','2012-01-30 11:34:58',15,'SALT SURF',1,'2012-01-30 11:34:58'),
	(377,'http://bear71.nfb.ca/#/bear71','2012-01-30 12:13:02',15,'NFB/Interactive - Bear 71',1,'2012-01-30 12:13:02'),
	(378,'http://www.cityofevanston.org/maps/pngs/EvanstonBikeMap2011.png','2012-01-30 15:57:43',14,'EvanstonBikeMap2011.png (7200×7200)',0,'2012-01-30 15:57:43'),
	(379,'http://www.nytimes.com/2012/01/29/opinion/sunday/bruni-gay-wont-go-away-genetic-or-not.html?_r=1&src=ISMR_AP_LO_MST_FB','2012-01-30 16:11:00',20,'Gay Wont Go Away, Genetic or Not - NYTimes.com',1,'2012-01-30 16:11:00'),
	(380,'http://color.method.ac/','2012-01-30 18:18:16',4,'Color  Method of Action',1,'2012-01-30 18:18:16'),
	(381,'http://iwasntpaid.com/','2012-01-31 09:49:31',1,'I Wasn\'t Paid',1,'2012-01-31 09:49:31'),
	(382,'http://wangzhihong.com/','2012-01-31 12:54:53',15,'wangzhihong.com',1,'2012-01-31 12:54:53'),
	(383,'http://cargocollective.com/wangzhihong/images','2012-01-31 12:55:09',15,'wangzhihong.com - Images',1,'2012-01-31 12:55:09'),
	(384,'http://swole.me/','2012-01-31 13:10:09',1,'Swole.me - The automatic meal planner',1,'2012-01-31 13:10:09'),
	(385,'http://www.chevrolet.com/sonic-hatchback-car/','2012-01-31 17:38:55',4,'2012 Chevy Sonic Hatchback | Small Car | Chevrolet',1,'2012-01-31 17:38:55'),
	(386,'http://www.thenation.com/article/165938/how-newt-gingrich-crippled-congress?rel=emailNation','2012-01-31 23:01:40',14,'How Newt Gingrich Crippled Congress | The Nation',0,'2012-01-31 23:01:40'),
	(387,'http://upstatement.com/blog/2012/01/how-to-approach-a-responsive-design/','2012-02-01 01:25:25',15,'How to Approach a Responsive Design | Upstatement',1,'2012-02-01 01:25:25'),
	(388,'http://www.american-giant.com/','2012-02-01 08:10:04',14,'American Giant - Quality Clothes Made By American Hands',1,'2012-02-01 08:10:04'),
	(389,'http://codebrief.com/2012/01/the-top-10-javascript-mvc-frameworks-reviewed/','2012-02-01 09:18:09',14,'The Top 10 Javascript MVC Frameworks Reviewed - CodeBrief',1,'2012-02-01 09:18:09'),
	(390,'http://paulirish.com/2012/box-sizing-border-box-ftw/','2012-02-01 10:59:05',14,'* { box-sizing: border-box } FTW « Paul Irish',1,'2012-02-01 10:59:05'),
	(391,'https://github.com/marstall/shim/','2012-02-01 12:22:16',14,'marstall/shim - GitHub',0,'2012-02-01 12:22:16'),
	(392,'http://bost.ocks.org/mike/shuffle/','2012-02-01 12:23:07',14,'FisherYates Shuffle',0,'2012-02-01 12:23:07'),
	(393,'http://addyosmani.com/blog/understanding-mvc-and-mvp-for-javascript-and-backbone-developers/','2012-02-01 12:32:09',14,'Understanding MVC And MVP (For JavaScript And Backbone Developers)',1,'2012-02-01 12:32:09'),
	(394,'http://textextjs.com/','2012-02-01 12:41:53',14,'jQuery TextExt Plugin',0,'2012-02-01 12:41:53'),
	(395,'http://color.method.ac/','2012-02-01 13:10:21',3,'Color  Method of Action',1,'2012-02-01 13:10:21'),
	(396,'http://upstatement.com/blog/2012/01/how-to-approach-a-responsive-design/','2012-02-01 13:21:46',1,'How to Approach a Responsive Design | Upstatement',1,'2012-02-01 13:21:46'),
	(397,'http://www.trapcode.com/sharelog/2012/1/11/inside-the-nebulae-tutorial-and-ae-project.html','2012-02-01 14:35:23',20,'Trapcode - ShareLog - Inside the Nebulae  tutorial and AE project',1,'2012-02-01 14:35:23'),
	(398,'http://www.youtube.com/watch?feature=player_embedded&v=N4t3-__3MA0','2012-02-01 14:44:08',1,'Fresh Impressions on Brandmarks (from my 5-year-old) - YouTube',1,'2012-02-01 14:44:08'),
	(399,'http://www.chris-wang.com/#','2012-02-01 14:50:34',15,'CW. / Design',1,'2012-02-01 14:50:34'),
	(400,'https://workflowy.com/shared/ef022a8a-2a06-1360-0317-921f303c84b8/','2012-02-01 14:51:36',1,'Marked: Notes, Observations,',0,'2012-02-01 14:51:36'),
	(401,'http://www.socketstudios.com/#work0','2012-02-01 14:52:09',15,'Socket Studios 2012',1,'2012-02-01 14:52:09'),
	(402,'https://workflowy.com/','2012-02-01 14:52:09',3,'WorkFlowy - Organize your brain.',1,'2012-02-01 14:52:09'),
	(403,'http://www.trapcode.com/journal/2011/1/13/mattias-peresini.html','2012-02-01 14:54:01',20,'Trapcode - Blog - Mattias Peresini',1,'2012-02-01 14:54:01'),
	(404,'http://www.zeitgeistbot.com/#','2012-02-01 15:02:31',15,'Zeitgeistbot  Interactive',1,'2012-02-01 15:02:31'),
	(405,'http://music.google.com/about/tour/','2012-02-01 15:02:45',15,'Google Music - Tour',1,'2012-02-01 15:02:45'),
	(406,'http://invitinghische.com/','2012-02-01 15:10:38',1,'Dear Jessica',1,'2012-02-01 15:10:38'),
	(407,'https://www.quora.com/Engineering-Management/Why-are-software-development-task-estimations-regularly-off-by-a-factor-of-2-3/answer/Michael-Wolfe','2012-02-01 16:27:25',14,'Michael Wolfe\'s answer to Engineering Management: Why are software development task estimations regularly off by a factor of 2-3? - Quora',1,'2012-02-01 16:27:25'),
	(408,'http://acumenium.com/','2012-02-01 19:58:20',15,'Home | Acumenium',1,'2012-02-01 19:58:20'),
	(409,'http://theblackharbor.com/collective_work/emporium-pies/','2012-02-02 10:27:57',4,'Emporium Pies Branding',1,'2012-02-02 10:27:57'),
	(410,'http://letschipit.com/','2012-02-02 11:23:01',15,'Chip It! by Sherwin-Williams',1,'2012-02-02 11:23:01'),
	(411,'http://stackoverflow.com/','2012-02-02 11:34:33',23,'Stack Overflow',0,'2012-02-02 11:38:13'),
	(412,'http://www.67signals.com/','2012-02-02 11:38:26',1,'67signals: Fighting evil by moonlight. Winning love by daylight.',1,'2012-02-02 11:38:26'),
	(413,'http://davidgalbraith.org/essay/use-case-study-house-1-a-house-designed-like-a-web-application/2723/','2012-02-02 15:38:25',1,'David Galbraiths Blog » Blog Archive » Use Case Study House',1,'2012-02-02 15:38:25'),
	(414,'http://www.borjabonaque.com/portfolio/square-circle-triangle/','2012-02-03 10:06:22',4,'Square, circle, triangle / 2011 - Borja Bonaque',1,'2012-02-03 10:06:22'),
	(415,'http://stackoverflow.com/questions/1619152/how-to-create-rest-urls-without-verbs/1619677#1619677','2012-02-03 10:17:21',3,'restful url - How to create REST URLs without verbs? - Stack Overflow',1,'2012-02-03 10:17:21'),
	(416,'http://leanpub.com/uncensored/','2012-02-03 10:18:00',14,'Uncensored - Leanpub',1,'2012-02-03 10:18:00'),
	(417,'http://badassjs.com/post/16412147197/resumable-js-fault-tolerant-resumable-file-uploads-in','2012-02-03 10:45:00',14,'Resumable.js: Fault Tolerant Resumable File Uploads in JavaScript - Badass JavaScript',1,'2012-02-03 10:45:00'),
	(418,'http://seriouslyjs.org/','2012-02-03 10:49:44',14,'Seriously.js',1,'2012-02-03 10:49:44'),
	(419,'http://www.codeschool.com/courses/coffeescript','2012-02-03 10:54:45',14,'CoffeeScript - Code School',1,'2012-02-03 10:54:45'),
	(420,'http://thenounproject.com/','2012-02-03 11:44:32',16,'NounProject',1,'2012-02-03 11:44:32'),
	(421,'http://christianheilmann.com/2012/02/03/superbowl-celebrities-our-arrogance-and-the-moneymaking-web/','2012-02-03 16:11:29',3,'Superbowl, celebrities, our arrogance and the moneymaking web | Christian Heilmann',1,'2012-02-03 16:11:29'),
	(422,'http://musicforprogramming.net/?c=four','2012-02-04 12:45:38',3,'musicForProgramming()',1,'2012-02-04 12:45:38'),
	(423,'http://www.motographite.com/2011/09/ducati-monster-st2-9-12-by-radical.html','2012-02-04 13:04:51',4,'motographite cafe racer: DUCATI MONSTER ST2 \"9 1/2\" by Radical Ducati',1,'2012-02-04 13:04:51'),
	(424,'http://www.motographite.com/2011/09/ducati-monster-st2-9-12-by-radical.html','2012-02-04 13:04:52',1,'motographite cafe racer: DUCATI MONSTER ST2 \"9 1/2\" by Radical Ducati',1,'2012-02-04 13:04:52'),
	(425,'http://www.deusbaliblog.co.id/2012/02/shanky-dog.html','2012-02-04 15:08:47',4,'Deus Bali: The Shanky Dog',1,'2012-02-04 15:08:47');

/*!40000 ALTER TABLE `bookmarks_bookmark` ENABLE KEYS */;
UNLOCK TABLES;


# Dump of table bookmarks_favorite
# ------------------------------------------------------------

DROP TABLE IF EXISTS `bookmarks_favorite`;

CREATE TABLE `bookmarks_favorite` (
  `id` int(11) NOT NULL AUTO_INCREMENT,
  `bookmark_id` int(11) NOT NULL,
  `added` datetime NOT NULL,
  PRIMARY KEY (`id`),
  KEY `bookmarks_favorite_424927c4` (`bookmark_id`),
  CONSTRAINT `bookmark_id_refs_id_b91451df` FOREIGN KEY (`bookmark_id`) REFERENCES `bookmarks_bookmark` (`id`)
) ENGINE=InnoDB DEFAULT CHARSET=latin1;

LOCK TABLES `bookmarks_favorite` WRITE;
/*!40000 ALTER TABLE `bookmarks_favorite` DISABLE KEYS */;

INSERT INTO `bookmarks_favorite` (`id`, `bookmark_id`, `added`)
VALUES
	(1,425,'2012-02-08 23:47:18'),
	(2,423,'2012-02-08 23:50:17'),
	(3,425,'2012-02-09 00:10:14'),
	(4,415,'2012-02-09 00:16:10'),
	(5,422,'2012-02-09 00:16:14'),
	(6,421,'2012-02-09 00:16:16'),
	(7,420,'2012-02-09 00:16:17'),
	(8,419,'2012-02-09 00:16:19'),
	(9,418,'2012-02-09 00:16:54'),
	(10,417,'2012-02-09 00:16:56'),
	(11,416,'2012-02-09 00:16:58');

/*!40000 ALTER TABLE `bookmarks_favorite` ENABLE KEYS */;
UNLOCK TABLES;


# Dump of table django_admin_log
# ------------------------------------------------------------

DROP TABLE IF EXISTS `django_admin_log`;

CREATE TABLE `django_admin_log` (
  `id` int(11) NOT NULL AUTO_INCREMENT,
  `action_time` datetime NOT NULL,
  `user_id` int(11) NOT NULL,
  `content_type_id` int(11) DEFAULT NULL,
  `object_id` longtext,
  `object_repr` varchar(200) NOT NULL,
  `action_flag` smallint(5) unsigned NOT NULL,
  `change_message` longtext NOT NULL,
  PRIMARY KEY (`id`),
  KEY `django_admin_log_fbfc09f1` (`user_id`),
  KEY `django_admin_log_e4470c6e` (`content_type_id`),
  CONSTRAINT `content_type_id_refs_id_288599e6` FOREIGN KEY (`content_type_id`) REFERENCES `django_content_type` (`id`),
  CONSTRAINT `user_id_refs_id_c8665aa` FOREIGN KEY (`user_id`) REFERENCES `auth_user` (`id`)
) ENGINE=InnoDB DEFAULT CHARSET=latin1;

LOCK TABLES `django_admin_log` WRITE;
/*!40000 ALTER TABLE `django_admin_log` DISABLE KEYS */;

INSERT INTO `django_admin_log` (`id`, `action_time`, `user_id`, `content_type_id`, `object_id`, `object_repr`, `action_flag`, `change_message`)
VALUES
	(1,'2011-11-15 01:51:26',1,8,'1','UserProfile object',1,''),
	(2,'2011-11-15 01:52:50',1,9,'1','http://www.google.com/',1,''),
	(3,'2011-11-27 14:53:44',1,9,'3','http://www.electrictoolbox.com/remove-webkit-border-input-focus/',3,''),
	(4,'2011-11-27 19:04:36',1,3,'2','DaneHanrahan',1,''),
	(5,'2011-11-27 19:04:40',1,8,'2','DaneHanrahan',1,''),
	(6,'2011-11-27 19:05:08',1,3,'2','DaneHanrahan',2,'Changed is_staff.'),
	(7,'2011-11-27 19:08:58',1,3,'2','DaneHanrahan',2,'Changed user_permissions.'),
	(8,'2011-11-27 19:24:30',1,9,'5','http://www.geofcrowl.com',3,''),
	(9,'2011-11-29 09:51:11',1,3,'3','zachwood',1,''),
	(10,'2011-11-29 09:51:35',1,3,'3','zachwood',2,'Changed is_staff.'),
	(11,'2011-11-29 09:51:43',1,3,'2','DaneHanrahan',2,'Changed user_permissions.'),
	(12,'2011-11-29 09:53:25',1,8,'3','zachwood',1,''),
	(13,'2011-12-06 22:31:37',1,3,'4','val',1,''),
	(14,'2011-12-06 22:31:40',1,8,'4','val',1,''),
	(15,'2011-12-07 16:30:33',1,3,'5','mark',1,''),
	(16,'2011-12-07 16:30:36',1,8,'5','mark',1,''),
	(17,'2011-12-09 20:34:01',1,3,'6','anson',1,''),
	(18,'2011-12-09 20:34:04',1,8,'6','anson',1,''),
	(19,'2011-12-10 12:06:42',1,3,'7','emptyuser',1,''),
	(20,'2011-12-10 12:06:44',1,8,'7','emptyuser',1,''),
	(21,'2011-12-10 12:07:02',1,8,'7','emptyuser',3,''),
	(22,'2011-12-12 11:01:41',1,3,'8','matt',1,''),
	(23,'2011-12-12 11:01:43',1,8,'8','matt',1,''),
	(24,'2011-12-12 21:54:17',1,3,'9','testuser',1,''),
	(25,'2011-12-12 21:54:27',1,8,'9','testuser',1,''),
	(26,'2011-12-29 18:52:02',1,3,'10','Wanhala',1,''),
	(27,'2011-12-29 18:53:29',1,8,'10','Wanhala',1,''),
	(28,'2011-12-29 18:54:10',1,3,'11','galen',1,''),
	(29,'2011-12-29 18:54:13',1,8,'11','galen',1,''),
	(30,'2011-12-29 18:56:56',1,3,'12','zholmquist',1,''),
	(31,'2011-12-29 18:56:59',1,8,'12','zholmquist',1,''),
	(32,'2011-12-29 19:08:24',1,3,'13','whereswayne',1,''),
	(33,'2011-12-29 19:08:26',1,8,'13','whereswayne',1,''),
	(34,'2011-12-29 19:49:00',1,3,'14','andy',1,''),
	(35,'2011-12-29 19:49:04',1,8,'14','andy',1,''),
	(36,'2011-12-29 19:59:36',1,3,'15','yocline',1,''),
	(37,'2011-12-29 19:59:39',1,8,'15','yocline',1,''),
	(38,'2011-12-29 22:03:51',1,3,'16','todaywasok',1,''),
	(39,'2011-12-29 22:03:55',1,8,'16','todaywasok',1,''),
	(40,'2011-12-29 22:08:24',1,3,'16','todaywasok',2,'Changed email.'),
	(41,'2011-12-31 20:40:16',1,3,'17','casemorton',1,''),
	(42,'2011-12-31 20:40:32',1,8,'17','casemorton',1,''),
	(43,'2012-01-10 13:20:13',1,3,'18','scottlyttle',1,''),
	(44,'2012-01-10 13:20:16',1,8,'18','scottlyttle',1,''),
	(45,'2012-01-10 13:20:48',1,3,'18','scottlyttle',2,'Changed email.'),
	(46,'2012-01-12 23:02:54',1,3,'19','jordan',1,''),
	(47,'2012-01-12 23:02:58',1,8,'19','jordan',1,''),
	(48,'2012-01-17 10:43:42',1,3,'20','buzz',1,''),
	(49,'2012-01-17 10:43:45',1,8,'20','buzz',1,''),
	(50,'2012-01-17 11:00:20',1,3,'21','rectangular',1,''),
	(51,'2012-01-17 11:00:22',1,8,'21','rectangular',1,''),
	(52,'2012-01-20 14:13:09',1,3,'22','pedrogomez',1,''),
	(53,'2012-01-20 14:13:21',1,8,'22','pedrogomez',1,''),
	(54,'2012-02-02 11:30:25',1,3,'23','wespear',1,''),
	(55,'2012-02-02 11:30:26',1,8,'23','wespear',1,''),
	(56,'2012-02-04 23:47:04',1,3,'24','craigruks',1,''),
	(57,'2012-02-04 23:48:30',1,8,'24','craigruks',1,'');

/*!40000 ALTER TABLE `django_admin_log` ENABLE KEYS */;
UNLOCK TABLES;


# Dump of table django_content_type
# ------------------------------------------------------------

DROP TABLE IF EXISTS `django_content_type`;

CREATE TABLE `django_content_type` (
  `id` int(11) NOT NULL AUTO_INCREMENT,
  `name` varchar(100) NOT NULL,
  `app_label` varchar(100) NOT NULL,
  `model` varchar(100) NOT NULL,
  PRIMARY KEY (`id`),
  UNIQUE KEY `app_label` (`app_label`,`model`)
) ENGINE=InnoDB DEFAULT CHARSET=latin1;

LOCK TABLES `django_content_type` WRITE;
/*!40000 ALTER TABLE `django_content_type` DISABLE KEYS */;

INSERT INTO `django_content_type` (`id`, `name`, `app_label`, `model`)
VALUES
	(1,'permission','auth','permission'),
	(2,'group','auth','group'),
	(3,'user','auth','user'),
	(4,'message','auth','message'),
	(5,'content type','contenttypes','contenttype'),
	(6,'session','sessions','session'),
	(7,'site','sites','site'),
	(8,'user profile','accounts','userprofile'),
	(9,'bookmark','bookmarks','bookmark'),
	(10,'log entry','admin','logentry'),
	(11,'favorite','bookmarks','favorite');

/*!40000 ALTER TABLE `django_content_type` ENABLE KEYS */;
UNLOCK TABLES;


# Dump of table django_session
# ------------------------------------------------------------

DROP TABLE IF EXISTS `django_session`;

CREATE TABLE `django_session` (
  `session_key` varchar(40) NOT NULL,
  `session_data` longtext NOT NULL,
  `expire_date` datetime NOT NULL,
  PRIMARY KEY (`session_key`),
  KEY `django_session_c25c2c28` (`expire_date`)
) ENGINE=InnoDB DEFAULT CHARSET=latin1;

LOCK TABLES `django_session` WRITE;
/*!40000 ALTER TABLE `django_session` DISABLE KEYS */;

INSERT INTO `django_session` (`session_key`, `session_data`, `expire_date`)
VALUES
	('000ae253a825d4b04a320305a1cdfa8d','NWI3NGY3YzA4ZDViNTUwMWJiY2E1Yzg5ODVlZjI3ZTYzNjU1OWRjNzqAAn1xAVUKdGVzdGNvb2tp\nZVUGd29ya2VkcQJzLg==\n','2012-01-13 17:45:24'),
	('00377309b7b92083b8319aa08d416ebf','NWI3NGY3YzA4ZDViNTUwMWJiY2E1Yzg5ODVlZjI3ZTYzNjU1OWRjNzqAAn1xAVUKdGVzdGNvb2tp\nZVUGd29ya2VkcQJzLg==\n','2012-01-12 20:28:00'),
	('00588b5c64d3e880de1680569db1f9b8','NzkzYmMwMjg3MDMxYmFkNmM1NTZlOTYxMmVmODJkODI4ZDQyYWFlZjqAAn1xAVUKdGVzdGNvb2tp\nZXECVQZ3b3JrZWRxA3Mu\n','2011-12-25 06:22:50'),
	('00c5f82a7c12b4999203a95a0565107c','YzhjMDFkMjEwNmI3NTVkMzI3Mjk0MDIzZDZjZDIwZDc5YWJkZDNmODqAAn1xAShVEl9hdXRoX3Vz\nZXJfYmFja2VuZFUpZGphbmdvLmNvbnRyaWIuYXV0aC5iYWNrZW5kcy5Nb2RlbEJhY2tlbmRxAlUN\nX2F1dGhfdXNlcl9pZIoBAXUu\n','2012-01-05 20:03:03'),
	('015616f886789e46d7692f7a113e25bd','NzkzYmMwMjg3MDMxYmFkNmM1NTZlOTYxMmVmODJkODI4ZDQyYWFlZjqAAn1xAVUKdGVzdGNvb2tp\nZXECVQZ3b3JrZWRxA3Mu\n','2012-01-12 17:44:46'),
	('01b41a4de8352c665e70f05ff16a551a','NzkzYmMwMjg3MDMxYmFkNmM1NTZlOTYxMmVmODJkODI4ZDQyYWFlZjqAAn1xAVUKdGVzdGNvb2tp\nZXECVQZ3b3JrZWRxA3Mu\n','2012-01-12 14:29:55'),
	('02b0bc3e339f576d4978c9584e5beeb0','NzkzYmMwMjg3MDMxYmFkNmM1NTZlOTYxMmVmODJkODI4ZDQyYWFlZjqAAn1xAVUKdGVzdGNvb2tp\nZXECVQZ3b3JrZWRxA3Mu\n','2011-12-19 05:08:44'),
	('02d85e06cf5f78e409cd709c66bfb0d3','NzkzYmMwMjg3MDMxYmFkNmM1NTZlOTYxMmVmODJkODI4ZDQyYWFlZjqAAn1xAVUKdGVzdGNvb2tp\nZXECVQZ3b3JrZWRxA3Mu\n','2012-01-08 21:11:25'),
	('02eeb649a2d4c9f62a51ee93a330d237','NzkzYmMwMjg3MDMxYmFkNmM1NTZlOTYxMmVmODJkODI4ZDQyYWFlZjqAAn1xAVUKdGVzdGNvb2tp\nZXECVQZ3b3JrZWRxA3Mu\n','2012-01-12 14:01:22'),
	('033ec7976e371f394e3f85df3e916bea','NWI3NGY3YzA4ZDViNTUwMWJiY2E1Yzg5ODVlZjI3ZTYzNjU1OWRjNzqAAn1xAVUKdGVzdGNvb2tp\nZVUGd29ya2VkcQJzLg==\n','2012-02-17 10:35:16'),
	('0424d84647ea6e31af26c285406f7bab','ZDViNGRlOTU3MTRiM2ZiMTk4N2NlOTRiMWIyYmRhZGNjYTFiNGE0MzqAAn1xAShVEl9hdXRoX3Vz\nZXJfYmFja2VuZHECVSlkamFuZ28uY29udHJpYi5hdXRoLmJhY2tlbmRzLk1vZGVsQmFja2VuZHED\nVQ1fYXV0aF91c2VyX2lkcQSKARJ1Lg==\n','2012-01-24 14:45:39'),
	('042fdf79f117fd7352dc4103b8183ab2','Y2VkOTBlOWYwNGI0ZDBiMWE4NDNjMzUyNGVhYTBjMTU2OGM2NDAzZjqAAn1xAShVEl9hdXRoX3Vz\nZXJfYmFja2VuZHECVSlkamFuZ28uY29udHJpYi5hdXRoLmJhY2tlbmRzLk1vZGVsQmFja2VuZHED\nVQ1fYXV0aF91c2VyX2lkcQSKAQ11Lg==\n','2012-01-16 15:02:21'),
	('04459718d7dbfc99845955c53da67a57','Y2VkOTBlOWYwNGI0ZDBiMWE4NDNjMzUyNGVhYTBjMTU2OGM2NDAzZjqAAn1xAShVEl9hdXRoX3Vz\nZXJfYmFja2VuZHECVSlkamFuZ28uY29udHJpYi5hdXRoLmJhY2tlbmRzLk1vZGVsQmFja2VuZHED\nVQ1fYXV0aF91c2VyX2lkcQSKAQ11Lg==\n','2012-01-12 19:10:54'),
	('0593ee4ef84414c2f8ee3b5697790439','NzkzYmMwMjg3MDMxYmFkNmM1NTZlOTYxMmVmODJkODI4ZDQyYWFlZjqAAn1xAVUKdGVzdGNvb2tp\nZXECVQZ3b3JrZWRxA3Mu\n','2012-02-16 18:50:47'),
	('063583676a86d324f8871c7a6f96d644','Mzc2ZWZkOGE4YWJjNjY3MDU0MjE0ZjdlMzFlYTBmZjAwOTM1ZGFmZTqAAn1xAShVEl9hdXRoX3Vz\nZXJfYmFja2VuZHECVSlkamFuZ28uY29udHJpYi5hdXRoLmJhY2tlbmRzLk1vZGVsQmFja2VuZHED\nVQ1fYXV0aF91c2VyX2lkcQSKAQJ1Lg==\n','2011-12-13 15:05:49'),
	('0654cb3f9ad0e7e982a0e89811f86193','NzkzYmMwMjg3MDMxYmFkNmM1NTZlOTYxMmVmODJkODI4ZDQyYWFlZjqAAn1xAVUKdGVzdGNvb2tp\nZXECVQZ3b3JrZWRxA3Mu\n','2012-01-12 13:44:24'),
	('0658f006a4214860c99996b73e49d49f','NjBjNzA5NGQ3YTgwOTdjODdlYzI1NDhmNTBlYTQzMmM2Mjk5NDhiZDqAAn1xAShVEl9hdXRoX3Vz\nZXJfYmFja2VuZHECVSlkamFuZ28uY29udHJpYi5hdXRoLmJhY2tlbmRzLk1vZGVsQmFja2VuZHED\nVQ1fYXV0aF91c2VyX2lkcQSKAQN1Lg==\n','2011-12-24 17:44:17'),
	('069e8e1ead018c4f82639770674190aa','NzkzYmMwMjg3MDMxYmFkNmM1NTZlOTYxMmVmODJkODI4ZDQyYWFlZjqAAn1xAVUKdGVzdGNvb2tp\nZXECVQZ3b3JrZWRxA3Mu\n','2012-01-13 07:44:27'),
	('06a0df226d6fee3d779cff4a13bfe3c1','NzkzYmMwMjg3MDMxYmFkNmM1NTZlOTYxMmVmODJkODI4ZDQyYWFlZjqAAn1xAVUKdGVzdGNvb2tp\nZXECVQZ3b3JrZWRxA3Mu\n','2012-01-16 08:33:21'),
	('070bd65d02b1ad5588b271acc5aec499','NzkzYmMwMjg3MDMxYmFkNmM1NTZlOTYxMmVmODJkODI4ZDQyYWFlZjqAAn1xAVUKdGVzdGNvb2tp\nZXECVQZ3b3JrZWRxA3Mu\n','2012-02-05 16:27:41'),
	('072f322e9937b1db4c197af2291d4ac3','NzkzYmMwMjg3MDMxYmFkNmM1NTZlOTYxMmVmODJkODI4ZDQyYWFlZjqAAn1xAVUKdGVzdGNvb2tp\nZXECVQZ3b3JrZWRxA3Mu\n','2012-01-12 22:08:46'),
	('080588c863d63b13980488fd093188b3','NzkzYmMwMjg3MDMxYmFkNmM1NTZlOTYxMmVmODJkODI4ZDQyYWFlZjqAAn1xAVUKdGVzdGNvb2tp\nZXECVQZ3b3JrZWRxA3Mu\n','2012-01-12 20:22:18'),
	('088b5f04383790379d5defcb487a0507','YzQ1YjJjN2Q4NzUzZmI3NGU0YjY4YWZkY2RkN2ExMWQ1YzNiZjg5NjqAAn1xAShVEl9hdXRoX3Vz\nZXJfYmFja2VuZHECVSlkamFuZ28uY29udHJpYi5hdXRoLmJhY2tlbmRzLk1vZGVsQmFja2VuZHED\nVQ1fYXV0aF91c2VyX2lkcQSKARd1Lg==\n','2012-02-16 11:31:02'),
	('08c3ce1d50a850c3bdbe52968acaf377','NzkzYmMwMjg3MDMxYmFkNmM1NTZlOTYxMmVmODJkODI4ZDQyYWFlZjqAAn1xAVUKdGVzdGNvb2tp\nZXECVQZ3b3JrZWRxA3Mu\n','2012-02-05 16:31:45'),
	('08f81d98056ec94042c38a390cd51217','ODVmYTNlZTEzYzllZGUwZjEwYjIyYWQ5MWYxNmRiYzQ0NTE2MWU0ODqAAn1xAS4=\n','2012-01-07 16:40:55'),
	('090166f5e6b8e1f52d4e982d6d1d0a29','NzkzYmMwMjg3MDMxYmFkNmM1NTZlOTYxMmVmODJkODI4ZDQyYWFlZjqAAn1xAVUKdGVzdGNvb2tp\nZXECVQZ3b3JrZWRxA3Mu\n','2012-01-12 20:18:32'),
	('093a5b296e3f0c9a85f57716133ec9b1','NzkzYmMwMjg3MDMxYmFkNmM1NTZlOTYxMmVmODJkODI4ZDQyYWFlZjqAAn1xAVUKdGVzdGNvb2tp\nZXECVQZ3b3JrZWRxA3Mu\n','2012-02-17 02:39:46'),
	('0a122324b675eff6159ad79fa6f759d3','NzkzYmMwMjg3MDMxYmFkNmM1NTZlOTYxMmVmODJkODI4ZDQyYWFlZjqAAn1xAVUKdGVzdGNvb2tp\nZXECVQZ3b3JrZWRxA3Mu\n','2012-01-12 20:24:14'),
	('0a2dee2ad3e64ef73bbf9b05992538aa','NzkzYmMwMjg3MDMxYmFkNmM1NTZlOTYxMmVmODJkODI4ZDQyYWFlZjqAAn1xAVUKdGVzdGNvb2tp\nZXECVQZ3b3JrZWRxA3Mu\n','2012-01-12 15:29:06'),
	('0aad0c652fe521bb5b484b800b13f191','NzkzYmMwMjg3MDMxYmFkNmM1NTZlOTYxMmVmODJkODI4ZDQyYWFlZjqAAn1xAVUKdGVzdGNvb2tp\nZXECVQZ3b3JrZWRxA3Mu\n','2012-01-12 13:46:03'),
	('0ac57385202141221999d03428a2f5fd','NzkzYmMwMjg3MDMxYmFkNmM1NTZlOTYxMmVmODJkODI4ZDQyYWFlZjqAAn1xAVUKdGVzdGNvb2tp\nZXECVQZ3b3JrZWRxA3Mu\n','2012-01-13 10:41:43'),
	('0d27a9a3a2f2fc963503ff01d0ddae4b','MDkyYzA1YTRkMzI0Yzk0YjJmYTAwNGEyYjM4YTNkYzM3Yjc2YjA5MzqAAn1xAShVEl9hdXRoX3Vz\nZXJfYmFja2VuZHECVSlkamFuZ28uY29udHJpYi5hdXRoLmJhY2tlbmRzLk1vZGVsQmFja2VuZHED\nVQ1fYXV0aF91c2VyX2lkcQSKAQF1Lg==\n','2011-12-12 16:41:29'),
	('0e745285660d8e33178827c4811db90d','NzkzYmMwMjg3MDMxYmFkNmM1NTZlOTYxMmVmODJkODI4ZDQyYWFlZjqAAn1xAVUKdGVzdGNvb2tp\nZXECVQZ3b3JrZWRxA3Mu\n','2012-01-12 20:32:25'),
	('0e7b8817f6546761aa09bd61c0050c60','NzkzYmMwMjg3MDMxYmFkNmM1NTZlOTYxMmVmODJkODI4ZDQyYWFlZjqAAn1xAVUKdGVzdGNvb2tp\nZXECVQZ3b3JrZWRxA3Mu\n','2012-02-18 05:33:37'),
	('0ecce838c7ff38628ade2a51f48442b8','NzkzYmMwMjg3MDMxYmFkNmM1NTZlOTYxMmVmODJkODI4ZDQyYWFlZjqAAn1xAVUKdGVzdGNvb2tp\nZXECVQZ3b3JrZWRxA3Mu\n','2012-02-15 21:07:34'),
	('0f04ece1ffbb429e54889b6d9525cb9c','ODU3OGUwYTFlZGE3ZDg1MjE3NGJiZTQxMThmNGU5ZTZkMWM1NTE5NjqAAn1xAShVEl9hdXRoX3Vz\nZXJfYmFja2VuZHECVSlkamFuZ28uY29udHJpYi5hdXRoLmJhY2tlbmRzLk1vZGVsQmFja2VuZHED\nVQ1fYXV0aF91c2VyX2lkcQSKAQR1Lg==\n','2012-02-02 23:31:35'),
	('0f8e9f45536b841f6b6051a3e5244b06','NzkzYmMwMjg3MDMxYmFkNmM1NTZlOTYxMmVmODJkODI4ZDQyYWFlZjqAAn1xAVUKdGVzdGNvb2tp\nZXECVQZ3b3JrZWRxA3Mu\n','2012-02-02 05:31:04'),
	('0f962eab190a64f4e466125d7a61fd05','Mzc2ZWZkOGE4YWJjNjY3MDU0MjE0ZjdlMzFlYTBmZjAwOTM1ZGFmZTqAAn1xAShVEl9hdXRoX3Vz\nZXJfYmFja2VuZHECVSlkamFuZ28uY29udHJpYi5hdXRoLmJhY2tlbmRzLk1vZGVsQmFja2VuZHED\nVQ1fYXV0aF91c2VyX2lkcQSKAQJ1Lg==\n','2011-12-13 15:04:48'),
	('104180e3e313c50d0dbdb0e47985adf2','NzkzYmMwMjg3MDMxYmFkNmM1NTZlOTYxMmVmODJkODI4ZDQyYWFlZjqAAn1xAVUKdGVzdGNvb2tp\nZXECVQZ3b3JrZWRxA3Mu\n','2012-02-18 16:37:08'),
	('10ad196a181860c673a3226ee86d24bd','ODU3OGUwYTFlZGE3ZDg1MjE3NGJiZTQxMThmNGU5ZTZkMWM1NTE5NjqAAn1xAShVEl9hdXRoX3Vz\nZXJfYmFja2VuZHECVSlkamFuZ28uY29udHJpYi5hdXRoLmJhY2tlbmRzLk1vZGVsQmFja2VuZHED\nVQ1fYXV0aF91c2VyX2lkcQSKAQR1Lg==\n','2011-12-29 15:13:37'),
	('10eb4dbb8189498557648c819e1592d7','NzkzYmMwMjg3MDMxYmFkNmM1NTZlOTYxMmVmODJkODI4ZDQyYWFlZjqAAn1xAVUKdGVzdGNvb2tp\nZXECVQZ3b3JrZWRxA3Mu\n','2012-01-21 21:32:17'),
	('11f90c2388b3108eeb3e4b94ad1ed174','NzkzYmMwMjg3MDMxYmFkNmM1NTZlOTYxMmVmODJkODI4ZDQyYWFlZjqAAn1xAVUKdGVzdGNvb2tp\nZXECVQZ3b3JrZWRxA3Mu\n','2012-01-13 05:18:43'),
	('1273b677459f3dedb0cc5d3a4e13f6b4','NzkzYmMwMjg3MDMxYmFkNmM1NTZlOTYxMmVmODJkODI4ZDQyYWFlZjqAAn1xAVUKdGVzdGNvb2tp\nZXECVQZ3b3JrZWRxA3Mu\n','2012-01-12 20:50:22'),
	('13422d1decc72b3091e01426d2061bb8','NzkzYmMwMjg3MDMxYmFkNmM1NTZlOTYxMmVmODJkODI4ZDQyYWFlZjqAAn1xAVUKdGVzdGNvb2tp\nZXECVQZ3b3JrZWRxA3Mu\n','2012-01-15 00:45:58'),
	('134fbe407031cfd893644ea04182dce6','MDkyYzA1YTRkMzI0Yzk0YjJmYTAwNGEyYjM4YTNkYzM3Yjc2YjA5MzqAAn1xAShVEl9hdXRoX3Vz\nZXJfYmFja2VuZHECVSlkamFuZ28uY29udHJpYi5hdXRoLmJhY2tlbmRzLk1vZGVsQmFja2VuZHED\nVQ1fYXV0aF91c2VyX2lkcQSKAQF1Lg==\n','2011-12-26 22:01:10'),
	('13d17e3d3dc578d3b71225843056b003','NzkzYmMwMjg3MDMxYmFkNmM1NTZlOTYxMmVmODJkODI4ZDQyYWFlZjqAAn1xAVUKdGVzdGNvb2tp\nZXECVQZ3b3JrZWRxA3Mu\n','2012-01-13 01:25:03'),
	('13d587023da8ebff8ee6bfd67506f2ce','OGE2ODNmNjc1YzM5YjFjYmI2MzdhYWU4N2E1NzU4OWJkNzgwZmY5ZTqAAn1xAShVEl9hdXRoX3Vz\nZXJfYmFja2VuZHECVSlkamFuZ28uY29udHJpYi5hdXRoLmJhY2tlbmRzLk1vZGVsQmFja2VuZHED\nVQ1fYXV0aF91c2VyX2lkcQSKAQV1Lg==\n','2011-12-28 18:01:28'),
	('14809e678418aa3ee0cbd91ef3ce985a','NzkzYmMwMjg3MDMxYmFkNmM1NTZlOTYxMmVmODJkODI4ZDQyYWFlZjqAAn1xAVUKdGVzdGNvb2tp\nZXECVQZ3b3JrZWRxA3Mu\n','2012-01-12 22:50:03'),
	('15c3dbebca63183e6a466fce84ecb7fc','MDkyYzA1YTRkMzI0Yzk0YjJmYTAwNGEyYjM4YTNkYzM3Yjc2YjA5MzqAAn1xAShVEl9hdXRoX3Vz\nZXJfYmFja2VuZHECVSlkamFuZ28uY29udHJpYi5hdXRoLmJhY2tlbmRzLk1vZGVsQmFja2VuZHED\nVQ1fYXV0aF91c2VyX2lkcQSKAQF1Lg==\n','2012-02-02 23:46:27'),
	('166203be912906bfe5119b00dcafdea9','NzkzYmMwMjg3MDMxYmFkNmM1NTZlOTYxMmVmODJkODI4ZDQyYWFlZjqAAn1xAVUKdGVzdGNvb2tp\nZXECVQZ3b3JrZWRxA3Mu\n','2011-12-24 22:01:53'),
	('167713a5143bcbec724c513db5d3a065','NzkzYmMwMjg3MDMxYmFkNmM1NTZlOTYxMmVmODJkODI4ZDQyYWFlZjqAAn1xAVUKdGVzdGNvb2tp\nZXECVQZ3b3JrZWRxA3Mu\n','2012-01-21 06:02:24'),
	('169d8a2156d30056ddd3a3fe15b142a8','NzkzYmMwMjg3MDMxYmFkNmM1NTZlOTYxMmVmODJkODI4ZDQyYWFlZjqAAn1xAVUKdGVzdGNvb2tp\nZXECVQZ3b3JrZWRxA3Mu\n','2011-12-25 02:33:58'),
	('1710c51d375e2e6b11f756436cd5e9d0','NzkzYmMwMjg3MDMxYmFkNmM1NTZlOTYxMmVmODJkODI4ZDQyYWFlZjqAAn1xAVUKdGVzdGNvb2tp\nZXECVQZ3b3JrZWRxA3Mu\n','2012-01-12 20:57:33'),
	('17f60b1dbb242d6a2ecd87c1c80050c4','NzkzYmMwMjg3MDMxYmFkNmM1NTZlOTYxMmVmODJkODI4ZDQyYWFlZjqAAn1xAVUKdGVzdGNvb2tp\nZXECVQZ3b3JrZWRxA3Mu\n','2012-01-13 06:39:54'),
	('180ef853a2e4ca76651754033c1a2edd','NzkzYmMwMjg3MDMxYmFkNmM1NTZlOTYxMmVmODJkODI4ZDQyYWFlZjqAAn1xAVUKdGVzdGNvb2tp\nZXECVQZ3b3JrZWRxA3Mu\n','2012-02-16 08:27:56'),
	('1a1d77da688b1091efad56cf667c4af6','NzkzYmMwMjg3MDMxYmFkNmM1NTZlOTYxMmVmODJkODI4ZDQyYWFlZjqAAn1xAVUKdGVzdGNvb2tp\nZXECVQZ3b3JrZWRxA3Mu\n','2012-01-12 20:20:07'),
	('1a82255843da606b6d05ea15679d9a21','ODU3OGUwYTFlZGE3ZDg1MjE3NGJiZTQxMThmNGU5ZTZkMWM1NTE5NjqAAn1xAShVEl9hdXRoX3Vz\nZXJfYmFja2VuZHECVSlkamFuZ28uY29udHJpYi5hdXRoLmJhY2tlbmRzLk1vZGVsQmFja2VuZHED\nVQ1fYXV0aF91c2VyX2lkcQSKAQR1Lg==\n','2012-02-03 00:07:20'),
	('1a9b99f5c8edccc438e4ad4163e0114b','NzkzYmMwMjg3MDMxYmFkNmM1NTZlOTYxMmVmODJkODI4ZDQyYWFlZjqAAn1xAVUKdGVzdGNvb2tp\nZXECVQZ3b3JrZWRxA3Mu\n','2012-01-21 00:26:30'),
	('1b4725a599fdf22b1da475e804025eb5','NzkzYmMwMjg3MDMxYmFkNmM1NTZlOTYxMmVmODJkODI4ZDQyYWFlZjqAAn1xAVUKdGVzdGNvb2tp\nZXECVQZ3b3JrZWRxA3Mu\n','2012-01-12 20:36:42'),
	('1b6dbd2935705c7c25095c2d48a85923','NjBjNzA5NGQ3YTgwOTdjODdlYzI1NDhmNTBlYTQzMmM2Mjk5NDhiZDqAAn1xAShVEl9hdXRoX3Vz\nZXJfYmFja2VuZHECVSlkamFuZ28uY29udHJpYi5hdXRoLmJhY2tlbmRzLk1vZGVsQmFja2VuZHED\nVQ1fYXV0aF91c2VyX2lkcQSKAQN1Lg==\n','2012-02-06 00:31:14'),
	('1bccd92d6f12a6972a193efb5a259987','NzkzYmMwMjg3MDMxYmFkNmM1NTZlOTYxMmVmODJkODI4ZDQyYWFlZjqAAn1xAVUKdGVzdGNvb2tp\nZXECVQZ3b3JrZWRxA3Mu\n','2012-02-10 02:44:16'),
	('1bd2edfab6cd4a48a3c0105801d7c84b','NzkzYmMwMjg3MDMxYmFkNmM1NTZlOTYxMmVmODJkODI4ZDQyYWFlZjqAAn1xAVUKdGVzdGNvb2tp\nZXECVQZ3b3JrZWRxA3Mu\n','2012-02-15 21:44:12'),
	('1c5e6435048f6328dcaba3b13370a981','ODU3OGUwYTFlZGE3ZDg1MjE3NGJiZTQxMThmNGU5ZTZkMWM1NTE5NjqAAn1xAShVEl9hdXRoX3Vz\nZXJfYmFja2VuZHECVSlkamFuZ28uY29udHJpYi5hdXRoLmJhY2tlbmRzLk1vZGVsQmFja2VuZHED\nVQ1fYXV0aF91c2VyX2lkcQSKAQR1Lg==\n','2012-01-26 12:28:04'),
	('1c9e90280801b8975367d3901b3b88e9','NzkzYmMwMjg3MDMxYmFkNmM1NTZlOTYxMmVmODJkODI4ZDQyYWFlZjqAAn1xAVUKdGVzdGNvb2tp\nZXECVQZ3b3JrZWRxA3Mu\n','2012-01-13 09:37:05'),
	('1cb051e17e78e2e90386e4d5b0c54e5f','ODU3OGUwYTFlZGE3ZDg1MjE3NGJiZTQxMThmNGU5ZTZkMWM1NTE5NjqAAn1xAShVEl9hdXRoX3Vz\nZXJfYmFja2VuZHECVSlkamFuZ28uY29udHJpYi5hdXRoLmJhY2tlbmRzLk1vZGVsQmFja2VuZHED\nVQ1fYXV0aF91c2VyX2lkcQSKAQR1Lg==\n','2012-01-24 20:48:05'),
	('1d8a9e32f4444177d25d473ba81ed2bb','NzkzYmMwMjg3MDMxYmFkNmM1NTZlOTYxMmVmODJkODI4ZDQyYWFlZjqAAn1xAVUKdGVzdGNvb2tp\nZXECVQZ3b3JrZWRxA3Mu\n','2012-01-12 20:22:08'),
	('1e562fb481a75ef51008a7cf0ea4bd9f','NzkzYmMwMjg3MDMxYmFkNmM1NTZlOTYxMmVmODJkODI4ZDQyYWFlZjqAAn1xAVUKdGVzdGNvb2tp\nZXECVQZ3b3JrZWRxA3Mu\n','2012-01-12 20:28:07'),
	('1e71f61bf9ca28f17793fae6987eca5c','NzkzYmMwMjg3MDMxYmFkNmM1NTZlOTYxMmVmODJkODI4ZDQyYWFlZjqAAn1xAVUKdGVzdGNvb2tp\nZXECVQZ3b3JrZWRxA3Mu\n','2012-01-12 20:34:35'),
	('1eae61eff7a0c0b1693ea42e0d2ed309','NzkzYmMwMjg3MDMxYmFkNmM1NTZlOTYxMmVmODJkODI4ZDQyYWFlZjqAAn1xAVUKdGVzdGNvb2tp\nZXECVQZ3b3JrZWRxA3Mu\n','2012-01-17 08:33:25'),
	('1ecb07b8f216526b537e781e9a8ca278','NzcxYzQxMWNkMmQxODI0YTBjMzc5MWViODRhZTc5ZDFkNmQxZjRmZTqAAn1xAShVEl9hdXRoX3Vz\nZXJfYmFja2VuZHECVSlkamFuZ28uY29udHJpYi5hdXRoLmJhY2tlbmRzLk1vZGVsQmFja2VuZHED\nVQ1fYXV0aF91c2VyX2lkcQSKAQt1Lg==\n','2012-01-12 18:55:34'),
	('1f0c6cfc1f554e3f27027f5224580c99','NzkzYmMwMjg3MDMxYmFkNmM1NTZlOTYxMmVmODJkODI4ZDQyYWFlZjqAAn1xAVUKdGVzdGNvb2tp\nZXECVQZ3b3JrZWRxA3Mu\n','2012-01-12 20:20:31'),
	('1f6886d1e1706acba323ef4a4e845283','NzkzYmMwMjg3MDMxYmFkNmM1NTZlOTYxMmVmODJkODI4ZDQyYWFlZjqAAn1xAVUKdGVzdGNvb2tp\nZXECVQZ3b3JrZWRxA3Mu\n','2012-02-01 03:34:38'),
	('1ff132368acaa9b63577abcd5d31d667','NzkzYmMwMjg3MDMxYmFkNmM1NTZlOTYxMmVmODJkODI4ZDQyYWFlZjqAAn1xAVUKdGVzdGNvb2tp\nZXECVQZ3b3JrZWRxA3Mu\n','2012-01-12 20:24:38'),
	('2002de37dbf80a9872f592f68131b57d','NzkzYmMwMjg3MDMxYmFkNmM1NTZlOTYxMmVmODJkODI4ZDQyYWFlZjqAAn1xAVUKdGVzdGNvb2tp\nZXECVQZ3b3JrZWRxA3Mu\n','2012-02-05 16:27:39'),
	('20b6197ed8c5d4d3383353fc19fb17cc','NzkzYmMwMjg3MDMxYmFkNmM1NTZlOTYxMmVmODJkODI4ZDQyYWFlZjqAAn1xAVUKdGVzdGNvb2tp\nZXECVQZ3b3JrZWRxA3Mu\n','2012-01-12 20:24:26'),
	('211ada30d1c6797d36885f0623cc2183','ZWUxNGFiZGVhZWMzODM0YjdlZDdiODJjMmIyNGRlYzY0Y2EwYjdjYTqAAn1xAShVEl9hdXRoX3Vz\nZXJfYmFja2VuZHECVSlkamFuZ28uY29udHJpYi5hdXRoLmJhY2tlbmRzLk1vZGVsQmFja2VuZHED\nVQ1fYXV0aF91c2VyX2lkcQSKARB1Lg==\n','2012-01-13 14:39:39'),
	('211b783975f46d5492e096c47f13cee1','ODU3OGUwYTFlZGE3ZDg1MjE3NGJiZTQxMThmNGU5ZTZkMWM1NTE5NjqAAn1xAShVEl9hdXRoX3Vz\nZXJfYmFja2VuZHECVSlkamFuZ28uY29udHJpYi5hdXRoLmJhY2tlbmRzLk1vZGVsQmFja2VuZHED\nVQ1fYXV0aF91c2VyX2lkcQSKAQR1Lg==\n','2012-02-16 10:25:25'),
	('213a8205b265136cf010700210a0fa1e','NzkzYmMwMjg3MDMxYmFkNmM1NTZlOTYxMmVmODJkODI4ZDQyYWFlZjqAAn1xAVUKdGVzdGNvb2tp\nZXECVQZ3b3JrZWRxA3Mu\n','2012-02-15 21:17:24'),
	('218f991b074de71a8d2eb9247c478834','NzkzYmMwMjg3MDMxYmFkNmM1NTZlOTYxMmVmODJkODI4ZDQyYWFlZjqAAn1xAVUKdGVzdGNvb2tp\nZXECVQZ3b3JrZWRxA3Mu\n','2012-02-05 16:27:38'),
	('21ef75b1f0f805a257db103793eeedae','NzkzYmMwMjg3MDMxYmFkNmM1NTZlOTYxMmVmODJkODI4ZDQyYWFlZjqAAn1xAVUKdGVzdGNvb2tp\nZXECVQZ3b3JrZWRxA3Mu\n','2012-01-13 06:08:42'),
	('21fd7f62badad81da5097aed5bba17fc','MGQ2Y2FiNGVlOTQ0OWRlZWJiMjFlMzQ3OTY1YTY1YmNjNzM1NzlmODqAAn1xAShVEl9hdXRoX3Vz\nZXJfYmFja2VuZHECVSlkamFuZ28uY29udHJpYi5hdXRoLmJhY2tlbmRzLk1vZGVsQmFja2VuZHED\nVQ1fYXV0aF91c2VyX2lkcQSKARF1Lg==\n','2012-01-18 08:05:11'),
	('224dd067a77249d8ddda67b935274bab','NzkzYmMwMjg3MDMxYmFkNmM1NTZlOTYxMmVmODJkODI4ZDQyYWFlZjqAAn1xAVUKdGVzdGNvb2tp\nZXECVQZ3b3JrZWRxA3Mu\n','2012-02-15 21:07:34'),
	('2254f1ff69060f824417e925a0815bec','OGE2ODNmNjc1YzM5YjFjYmI2MzdhYWU4N2E1NzU4OWJkNzgwZmY5ZTqAAn1xAShVEl9hdXRoX3Vz\nZXJfYmFja2VuZHECVSlkamFuZ28uY29udHJpYi5hdXRoLmJhY2tlbmRzLk1vZGVsQmFja2VuZHED\nVQ1fYXV0aF91c2VyX2lkcQSKAQV1Lg==\n','2011-12-21 16:31:26'),
	('226077d65db4b87f712ae8fde4224809','NzkzYmMwMjg3MDMxYmFkNmM1NTZlOTYxMmVmODJkODI4ZDQyYWFlZjqAAn1xAVUKdGVzdGNvb2tp\nZXECVQZ3b3JrZWRxA3Mu\n','2012-01-12 16:39:57'),
	('2292531b7065634c4fb449037028026f','NWI3NGY3YzA4ZDViNTUwMWJiY2E1Yzg5ODVlZjI3ZTYzNjU1OWRjNzqAAn1xAVUKdGVzdGNvb2tp\nZVUGd29ya2VkcQJzLg==\n','2012-01-12 20:44:42'),
	('233209ce8e42932a7b9c166c35524f3a','NzkzYmMwMjg3MDMxYmFkNmM1NTZlOTYxMmVmODJkODI4ZDQyYWFlZjqAAn1xAVUKdGVzdGNvb2tp\nZXECVQZ3b3JrZWRxA3Mu\n','2012-01-24 08:58:37'),
	('234ac8fa94121ce78bc27dfd31e2ebed','NzkzYmMwMjg3MDMxYmFkNmM1NTZlOTYxMmVmODJkODI4ZDQyYWFlZjqAAn1xAVUKdGVzdGNvb2tp\nZXECVQZ3b3JrZWRxA3Mu\n','2012-01-12 13:44:23'),
	('238b9c845309d611f994c9e3de8ffd7a','NzkzYmMwMjg3MDMxYmFkNmM1NTZlOTYxMmVmODJkODI4ZDQyYWFlZjqAAn1xAVUKdGVzdGNvb2tp\nZXECVQZ3b3JrZWRxA3Mu\n','2012-01-12 20:21:42'),
	('23932f43dd56d75953a938ee06dd2b3e','NzkzYmMwMjg3MDMxYmFkNmM1NTZlOTYxMmVmODJkODI4ZDQyYWFlZjqAAn1xAVUKdGVzdGNvb2tp\nZXECVQZ3b3JrZWRxA3Mu\n','2012-02-16 08:28:10'),
	('242c314bfd43ad7895c5ec721e7b3125','NzkzYmMwMjg3MDMxYmFkNmM1NTZlOTYxMmVmODJkODI4ZDQyYWFlZjqAAn1xAVUKdGVzdGNvb2tp\nZXECVQZ3b3JrZWRxA3Mu\n','2012-02-15 21:20:41'),
	('243bfeef9d8e7d2e1cc938cff5d3003e','MDkyYzA1YTRkMzI0Yzk0YjJmYTAwNGEyYjM4YTNkYzM3Yjc2YjA5MzqAAn1xAShVEl9hdXRoX3Vz\nZXJfYmFja2VuZHECVSlkamFuZ28uY29udHJpYi5hdXRoLmJhY2tlbmRzLk1vZGVsQmFja2VuZHED\nVQ1fYXV0aF91c2VyX2lkcQSKAQF1Lg==\n','2011-12-24 18:25:06'),
	('2479aa89e95289542c8803b9890b9ed7','NzkzYmMwMjg3MDMxYmFkNmM1NTZlOTYxMmVmODJkODI4ZDQyYWFlZjqAAn1xAVUKdGVzdGNvb2tp\nZXECVQZ3b3JrZWRxA3Mu\n','2012-01-16 14:29:02'),
	('24a86fd2c58605707242f149239521df','NzkzYmMwMjg3MDMxYmFkNmM1NTZlOTYxMmVmODJkODI4ZDQyYWFlZjqAAn1xAVUKdGVzdGNvb2tp\nZXECVQZ3b3JrZWRxA3Mu\n','2012-01-28 15:19:59'),
	('24d6db43ac19b52bc5d105c462295c4a','NzkzYmMwMjg3MDMxYmFkNmM1NTZlOTYxMmVmODJkODI4ZDQyYWFlZjqAAn1xAVUKdGVzdGNvb2tp\nZXECVQZ3b3JrZWRxA3Mu\n','2012-02-17 01:15:48'),
	('25298c3b2ef0e5412774a2b89309b286','NzkzYmMwMjg3MDMxYmFkNmM1NTZlOTYxMmVmODJkODI4ZDQyYWFlZjqAAn1xAVUKdGVzdGNvb2tp\nZXECVQZ3b3JrZWRxA3Mu\n','2011-12-24 23:43:52'),
	('25a7499654e41f37d1dc9fa7f06492ca','NzkzYmMwMjg3MDMxYmFkNmM1NTZlOTYxMmVmODJkODI4ZDQyYWFlZjqAAn1xAVUKdGVzdGNvb2tp\nZXECVQZ3b3JrZWRxA3Mu\n','2012-01-12 22:23:04'),
	('25dca91e097c6b18f51e2b079aa5fa9f','MjhkMjU2OTE2MGEzYzYzOTk4NzU1OGEzMmUwM2NiYTJkNmU0MmNhYzqAAn1xAShVEl9hdXRoX3Vz\nZXJfYmFja2VuZHECVSlkamFuZ28uY29udHJpYi5hdXRoLmJhY2tlbmRzLk1vZGVsQmFja2VuZHED\nVQ1fYXV0aF91c2VyX2lkcQSKAQ51Lg==\n','2012-01-13 09:08:19'),
	('2685fa8ec23421998bd0fc111647c95c','MDkyYzA1YTRkMzI0Yzk0YjJmYTAwNGEyYjM4YTNkYzM3Yjc2YjA5MzqAAn1xAShVEl9hdXRoX3Vz\nZXJfYmFja2VuZHECVSlkamFuZ28uY29udHJpYi5hdXRoLmJhY2tlbmRzLk1vZGVsQmFja2VuZHED\nVQ1fYXV0aF91c2VyX2lkcQSKAQF1Lg==\n','2011-12-26 18:29:30'),
	('27bc2905f8e983685f41771b4e9d1666','NzkzYmMwMjg3MDMxYmFkNmM1NTZlOTYxMmVmODJkODI4ZDQyYWFlZjqAAn1xAVUKdGVzdGNvb2tp\nZXECVQZ3b3JrZWRxA3Mu\n','2012-01-12 20:40:30'),
	('2b0b28c6474f09f137758239aa9b028f','ODU3OGUwYTFlZGE3ZDg1MjE3NGJiZTQxMThmNGU5ZTZkMWM1NTE5NjqAAn1xAShVEl9hdXRoX3Vz\nZXJfYmFja2VuZHECVSlkamFuZ28uY29udHJpYi5hdXRoLmJhY2tlbmRzLk1vZGVsQmFja2VuZHED\nVQ1fYXV0aF91c2VyX2lkcQSKAQR1Lg==\n','2012-02-06 21:19:45'),
	('2b71c70bad555d9f31eadf316d886faa','NzkzYmMwMjg3MDMxYmFkNmM1NTZlOTYxMmVmODJkODI4ZDQyYWFlZjqAAn1xAVUKdGVzdGNvb2tp\nZXECVQZ3b3JrZWRxA3Mu\n','2012-01-15 16:11:57'),
	('2c24389cbecbf8776be223a0ad1ec356','NzkzYmMwMjg3MDMxYmFkNmM1NTZlOTYxMmVmODJkODI4ZDQyYWFlZjqAAn1xAVUKdGVzdGNvb2tp\nZXECVQZ3b3JrZWRxA3Mu\n','2012-01-12 20:20:42'),
	('2cd581903531b9f1af4220223c8fb7e4','NzkzYmMwMjg3MDMxYmFkNmM1NTZlOTYxMmVmODJkODI4ZDQyYWFlZjqAAn1xAVUKdGVzdGNvb2tp\nZXECVQZ3b3JrZWRxA3Mu\n','2012-02-13 00:26:58'),
	('2cd6dc65d9b5580e43015a21b96e2b30','NzkzYmMwMjg3MDMxYmFkNmM1NTZlOTYxMmVmODJkODI4ZDQyYWFlZjqAAn1xAVUKdGVzdGNvb2tp\nZXECVQZ3b3JrZWRxA3Mu\n','2012-01-13 08:03:44'),
	('2dbaa05aad6cffb5c26a30b5b5d3e451','NzkzYmMwMjg3MDMxYmFkNmM1NTZlOTYxMmVmODJkODI4ZDQyYWFlZjqAAn1xAVUKdGVzdGNvb2tp\nZXECVQZ3b3JrZWRxA3Mu\n','2012-02-08 05:00:28'),
	('2e3a28667732422b116737ae78430126','NWI3NGY3YzA4ZDViNTUwMWJiY2E1Yzg5ODVlZjI3ZTYzNjU1OWRjNzqAAn1xAVUKdGVzdGNvb2tp\nZVUGd29ya2VkcQJzLg==\n','2012-01-14 14:44:05'),
	('2e96e2e6e2e9536a31aa4a3b03fa6620','NWI3NGY3YzA4ZDViNTUwMWJiY2E1Yzg5ODVlZjI3ZTYzNjU1OWRjNzqAAn1xAVUKdGVzdGNvb2tp\nZVUGd29ya2VkcQJzLg==\n','2012-01-12 14:47:06'),
	('2eb865cdd7b6bd30cda3c348677d8e0a','NzkzYmMwMjg3MDMxYmFkNmM1NTZlOTYxMmVmODJkODI4ZDQyYWFlZjqAAn1xAVUKdGVzdGNvb2tp\nZXECVQZ3b3JrZWRxA3Mu\n','2012-01-13 11:51:47'),
	('2f499a8d24385ebc4f92c652b304abce','NzkzYmMwMjg3MDMxYmFkNmM1NTZlOTYxMmVmODJkODI4ZDQyYWFlZjqAAn1xAVUKdGVzdGNvb2tp\nZXECVQZ3b3JrZWRxA3Mu\n','2012-01-13 13:18:53'),
	('2f60c24d2a86f229cc562852b85144c8','ZTMxMzMzZDEwNDQ5ZTVjNGM3ZjQyOWQ2ZjQ1Y2Y3YmI3YWJjNjU4OTqAAn1xAShVDV9hdXRoX3Vz\nZXJfaWSKAQFVEl9hdXRoX3VzZXJfYmFja2VuZFUpZGphbmdvLmNvbnRyaWIuYXV0aC5iYWNrZW5k\ncy5Nb2RlbEJhY2tlbmRxAnUu\n','2012-01-12 13:44:49'),
	('303ff1bf4f3cf84778d1c751556f457c','NzkzYmMwMjg3MDMxYmFkNmM1NTZlOTYxMmVmODJkODI4ZDQyYWFlZjqAAn1xAVUKdGVzdGNvb2tp\nZXECVQZ3b3JrZWRxA3Mu\n','2012-01-12 15:59:05'),
	('30b41437343d8bb0184c84e9bc557956','NzkzYmMwMjg3MDMxYmFkNmM1NTZlOTYxMmVmODJkODI4ZDQyYWFlZjqAAn1xAVUKdGVzdGNvb2tp\nZXECVQZ3b3JrZWRxA3Mu\n','2012-01-12 20:26:15'),
	('30c16d25fb00e46c072bf6ef857b7a7e','NzkzYmMwMjg3MDMxYmFkNmM1NTZlOTYxMmVmODJkODI4ZDQyYWFlZjqAAn1xAVUKdGVzdGNvb2tp\nZXECVQZ3b3JrZWRxA3Mu\n','2012-01-12 14:29:54'),
	('30d51e3cce6f54c2e70d32b07e9b2343','NzkzYmMwMjg3MDMxYmFkNmM1NTZlOTYxMmVmODJkODI4ZDQyYWFlZjqAAn1xAVUKdGVzdGNvb2tp\nZXECVQZ3b3JrZWRxA3Mu\n','2011-12-27 03:58:23'),
	('30f8450c0480833bca5a3193bd8b35e2','MDkyYzA1YTRkMzI0Yzk0YjJmYTAwNGEyYjM4YTNkYzM3Yjc2YjA5MzqAAn1xAShVEl9hdXRoX3Vz\nZXJfYmFja2VuZHECVSlkamFuZ28uY29udHJpYi5hdXRoLmJhY2tlbmRzLk1vZGVsQmFja2VuZHED\nVQ1fYXV0aF91c2VyX2lkcQSKAQF1Lg==\n','2011-12-24 15:53:01'),
	('30f9a7c9f3f3f1a398b83f9385b00491','NzkzYmMwMjg3MDMxYmFkNmM1NTZlOTYxMmVmODJkODI4ZDQyYWFlZjqAAn1xAVUKdGVzdGNvb2tp\nZXECVQZ3b3JrZWRxA3Mu\n','2012-01-12 13:44:25'),
	('31e290ca583e02d70235919e270d8b65','NzkzYmMwMjg3MDMxYmFkNmM1NTZlOTYxMmVmODJkODI4ZDQyYWFlZjqAAn1xAVUKdGVzdGNvb2tp\nZXECVQZ3b3JrZWRxA3Mu\n','2012-01-20 21:36:45'),
	('31ff9a8c5750356265c376b4f49ffc6f','NzkzYmMwMjg3MDMxYmFkNmM1NTZlOTYxMmVmODJkODI4ZDQyYWFlZjqAAn1xAVUKdGVzdGNvb2tp\nZXECVQZ3b3JrZWRxA3Mu\n','2012-01-13 02:31:03'),
	('324b1ea6c22af6a408bd7b828e8821f7','NzkzYmMwMjg3MDMxYmFkNmM1NTZlOTYxMmVmODJkODI4ZDQyYWFlZjqAAn1xAVUKdGVzdGNvb2tp\nZXECVQZ3b3JrZWRxA3Mu\n','2012-01-12 14:02:21'),
	('343944559f99ccaa7cfefae5f33bfe0d','NzkzYmMwMjg3MDMxYmFkNmM1NTZlOTYxMmVmODJkODI4ZDQyYWFlZjqAAn1xAVUKdGVzdGNvb2tp\nZXECVQZ3b3JrZWRxA3Mu\n','2012-01-21 19:30:02'),
	('36322273e3798e071b67697a2a30b88f','NzkzYmMwMjg3MDMxYmFkNmM1NTZlOTYxMmVmODJkODI4ZDQyYWFlZjqAAn1xAVUKdGVzdGNvb2tp\nZXECVQZ3b3JrZWRxA3Mu\n','2011-12-13 15:05:38'),
	('36633243ea8e0463b6748c36b45a389c','NzkzYmMwMjg3MDMxYmFkNmM1NTZlOTYxMmVmODJkODI4ZDQyYWFlZjqAAn1xAVUKdGVzdGNvb2tp\nZXECVQZ3b3JrZWRxA3Mu\n','2012-01-31 01:30:53'),
	('3733d6bd39a2496e1b8d9ac5a885c175','NzkzYmMwMjg3MDMxYmFkNmM1NTZlOTYxMmVmODJkODI4ZDQyYWFlZjqAAn1xAVUKdGVzdGNvb2tp\nZXECVQZ3b3JrZWRxA3Mu\n','2012-01-12 20:18:44'),
	('37609f6877ffb3fa95e072e0782a8519','NzkzYmMwMjg3MDMxYmFkNmM1NTZlOTYxMmVmODJkODI4ZDQyYWFlZjqAAn1xAVUKdGVzdGNvb2tp\nZXECVQZ3b3JrZWRxA3Mu\n','2011-12-31 10:22:02'),
	('37c2344757361df4eb886c37c8fd9a52','NzkzYmMwMjg3MDMxYmFkNmM1NTZlOTYxMmVmODJkODI4ZDQyYWFlZjqAAn1xAVUKdGVzdGNvb2tp\nZXECVQZ3b3JrZWRxA3Mu\n','2012-01-21 21:32:17'),
	('381a6836add82afed4ff1016cfe2b3f8','MDkyYzA1YTRkMzI0Yzk0YjJmYTAwNGEyYjM4YTNkYzM3Yjc2YjA5MzqAAn1xAShVEl9hdXRoX3Vz\nZXJfYmFja2VuZHECVSlkamFuZ28uY29udHJpYi5hdXRoLmJhY2tlbmRzLk1vZGVsQmFja2VuZHED\nVQ1fYXV0aF91c2VyX2lkcQSKAQF1Lg==\n','2012-02-01 11:25:43'),
	('3858917902f29a3b81a80efd33834a96','MDkyYzA1YTRkMzI0Yzk0YjJmYTAwNGEyYjM4YTNkYzM3Yjc2YjA5MzqAAn1xAShVEl9hdXRoX3Vz\nZXJfYmFja2VuZHECVSlkamFuZ28uY29udHJpYi5hdXRoLmJhY2tlbmRzLk1vZGVsQmFja2VuZHED\nVQ1fYXV0aF91c2VyX2lkcQSKAQF1Lg==\n','2012-01-11 00:09:18'),
	('387eab1aeebf6be9e0240f78e97c7249','NzkzYmMwMjg3MDMxYmFkNmM1NTZlOTYxMmVmODJkODI4ZDQyYWFlZjqAAn1xAVUKdGVzdGNvb2tp\nZXECVQZ3b3JrZWRxA3Mu\n','2012-01-12 13:44:23'),
	('38baa486bd6a495ddb9066fe7eb5be62','NzkzYmMwMjg3MDMxYmFkNmM1NTZlOTYxMmVmODJkODI4ZDQyYWFlZjqAAn1xAVUKdGVzdGNvb2tp\nZXECVQZ3b3JrZWRxA3Mu\n','2012-02-16 05:07:17'),
	('38cf9e009856bdf588ab003014d3866d','NzkzYmMwMjg3MDMxYmFkNmM1NTZlOTYxMmVmODJkODI4ZDQyYWFlZjqAAn1xAVUKdGVzdGNvb2tp\nZXECVQZ3b3JrZWRxA3Mu\n','2012-01-24 02:57:02'),
	('391361ce796007757002bf990d5dddce','MjhkMjU2OTE2MGEzYzYzOTk4NzU1OGEzMmUwM2NiYTJkNmU0MmNhYzqAAn1xAShVEl9hdXRoX3Vz\nZXJfYmFja2VuZHECVSlkamFuZ28uY29udHJpYi5hdXRoLmJhY2tlbmRzLk1vZGVsQmFja2VuZHED\nVQ1fYXV0aF91c2VyX2lkcQSKAQ51Lg==\n','2012-02-17 10:49:37'),
	('3995d975dc7b90da3c5e17605779afde','NzkzYmMwMjg3MDMxYmFkNmM1NTZlOTYxMmVmODJkODI4ZDQyYWFlZjqAAn1xAVUKdGVzdGNvb2tp\nZXECVQZ3b3JrZWRxA3Mu\n','2011-12-16 09:58:07'),
	('399c7dee6d8f3ad3e09e17cc70da4802','NjBjNzA5NGQ3YTgwOTdjODdlYzI1NDhmNTBlYTQzMmM2Mjk5NDhiZDqAAn1xAShVEl9hdXRoX3Vz\nZXJfYmFja2VuZHECVSlkamFuZ28uY29udHJpYi5hdXRoLmJhY2tlbmRzLk1vZGVsQmFja2VuZHED\nVQ1fYXV0aF91c2VyX2lkcQSKAQN1Lg==\n','2012-02-15 13:10:18'),
	('3a3fb582389de8d22c5c7b9f6e40f5d0','NTA5MzlmMzVhOGY0NWMwMDBlMDVlYjAwNWIxMDU1MWE4YTc5ZjU0OTqAAn1xAShVEl9hdXRoX3Vz\nZXJfYmFja2VuZHECVSlkamFuZ28uY29udHJpYi5hdXRoLmJhY2tlbmRzLk1vZGVsQmFja2VuZHED\nVQ1fYXV0aF91c2VyX2lkcQSKAQh1Lg==\n','2012-02-02 21:07:13'),
	('3a44df96affbb51a29d7705dc06562d0','NzkzYmMwMjg3MDMxYmFkNmM1NTZlOTYxMmVmODJkODI4ZDQyYWFlZjqAAn1xAVUKdGVzdGNvb2tp\nZXECVQZ3b3JrZWRxA3Mu\n','2012-01-12 14:31:04'),
	('3a942790c7795bd45d07b3093caad533','ODU3OGUwYTFlZGE3ZDg1MjE3NGJiZTQxMThmNGU5ZTZkMWM1NTE5NjqAAn1xAShVEl9hdXRoX3Vz\nZXJfYmFja2VuZHECVSlkamFuZ28uY29udHJpYi5hdXRoLmJhY2tlbmRzLk1vZGVsQmFja2VuZHED\nVQ1fYXV0aF91c2VyX2lkcQSKAQR1Lg==\n','2012-01-08 02:12:15'),
	('3a9ee11e1268f630818fc953144a3603','NzkzYmMwMjg3MDMxYmFkNmM1NTZlOTYxMmVmODJkODI4ZDQyYWFlZjqAAn1xAVUKdGVzdGNvb2tp\nZXECVQZ3b3JrZWRxA3Mu\n','2012-01-29 22:42:08'),
	('3ad382ccdf2ef5dbd735534833369260','NzkzYmMwMjg3MDMxYmFkNmM1NTZlOTYxMmVmODJkODI4ZDQyYWFlZjqAAn1xAVUKdGVzdGNvb2tp\nZXECVQZ3b3JrZWRxA3Mu\n','2012-01-13 02:42:54'),
	('3b000be57227d7d32a62fc24b39181ad','NzkzYmMwMjg3MDMxYmFkNmM1NTZlOTYxMmVmODJkODI4ZDQyYWFlZjqAAn1xAVUKdGVzdGNvb2tp\nZXECVQZ3b3JrZWRxA3Mu\n','2012-01-12 20:49:58'),
	('3b42052b2bfa3bd5b1a3548c52c35e4e','NzkzYmMwMjg3MDMxYmFkNmM1NTZlOTYxMmVmODJkODI4ZDQyYWFlZjqAAn1xAVUKdGVzdGNvb2tp\nZXECVQZ3b3JrZWRxA3Mu\n','2012-02-04 09:27:35'),
	('3b5fb047cc946d03be5d0696562ab7c2','ODU3OGUwYTFlZGE3ZDg1MjE3NGJiZTQxMThmNGU5ZTZkMWM1NTE5NjqAAn1xAShVEl9hdXRoX3Vz\nZXJfYmFja2VuZHECVSlkamFuZ28uY29udHJpYi5hdXRoLmJhY2tlbmRzLk1vZGVsQmFja2VuZHED\nVQ1fYXV0aF91c2VyX2lkcQSKAQR1Lg==\n','2012-01-27 10:34:36'),
	('3ba530be36a953b7a262c6d1cf127106','NzkzYmMwMjg3MDMxYmFkNmM1NTZlOTYxMmVmODJkODI4ZDQyYWFlZjqAAn1xAVUKdGVzdGNvb2tp\nZXECVQZ3b3JrZWRxA3Mu\n','2012-01-13 20:56:52'),
	('3d2cf7ed5d0998567e93d6d1078349db','NzkzYmMwMjg3MDMxYmFkNmM1NTZlOTYxMmVmODJkODI4ZDQyYWFlZjqAAn1xAVUKdGVzdGNvb2tp\nZXECVQZ3b3JrZWRxA3Mu\n','2012-02-05 11:01:40'),
	('3d348f5bf530e8979d17cd119c360c29','MmUwMjIzN2RhYzAwOGE1NDJjNzc0MjcwY2ZlOGJhNWM4ODE0NGIxYjqAAn1xAShVEl9hdXRoX3Vz\nZXJfYmFja2VuZHECVSlkamFuZ28uY29udHJpYi5hdXRoLmJhY2tlbmRzLk1vZGVsQmFja2VuZHED\nVQ1fYXV0aF91c2VyX2lkcQSKAQ91Lg==\n','2012-01-27 15:28:45'),
	('3d50a4b2b5b6e19537ae66babb10d87c','NWI3NGY3YzA4ZDViNTUwMWJiY2E1Yzg5ODVlZjI3ZTYzNjU1OWRjNzqAAn1xAVUKdGVzdGNvb2tp\nZVUGd29ya2VkcQJzLg==\n','2012-02-17 00:22:58'),
	('3dbecf3072994ed4d726661b40f8e601','NWI3NGY3YzA4ZDViNTUwMWJiY2E1Yzg5ODVlZjI3ZTYzNjU1OWRjNzqAAn1xAVUKdGVzdGNvb2tp\nZVUGd29ya2VkcQJzLg==\n','2012-02-01 23:16:54'),
	('3e4c4d7b9eace7af0bfbce0898b9a7b3','ODU3OGUwYTFlZGE3ZDg1MjE3NGJiZTQxMThmNGU5ZTZkMWM1NTE5NjqAAn1xAShVEl9hdXRoX3Vz\nZXJfYmFja2VuZHECVSlkamFuZ28uY29udHJpYi5hdXRoLmJhY2tlbmRzLk1vZGVsQmFja2VuZHED\nVQ1fYXV0aF91c2VyX2lkcQSKAQR1Lg==\n','2012-01-31 10:29:53'),
	('3e4e5185dadfb9b2b2e9ac0e37a3bf08','NWI3NGY3YzA4ZDViNTUwMWJiY2E1Yzg5ODVlZjI3ZTYzNjU1OWRjNzqAAn1xAVUKdGVzdGNvb2tp\nZVUGd29ya2VkcQJzLg==\n','2012-01-08 12:10:57'),
	('3ea5b740eefe61600de700f3135d69d4','NzkzYmMwMjg3MDMxYmFkNmM1NTZlOTYxMmVmODJkODI4ZDQyYWFlZjqAAn1xAVUKdGVzdGNvb2tp\nZXECVQZ3b3JrZWRxA3Mu\n','2012-02-16 08:27:50'),
	('3fe46c62902236f646b4fb1a9fe2e3b0','NzkzYmMwMjg3MDMxYmFkNmM1NTZlOTYxMmVmODJkODI4ZDQyYWFlZjqAAn1xAVUKdGVzdGNvb2tp\nZXECVQZ3b3JrZWRxA3Mu\n','2012-02-04 23:34:49'),
	('40eb49333745ba7a84dfecff1f79b282','ODU3OGUwYTFlZGE3ZDg1MjE3NGJiZTQxMThmNGU5ZTZkMWM1NTE5NjqAAn1xAShVEl9hdXRoX3Vz\nZXJfYmFja2VuZHECVSlkamFuZ28uY29udHJpYi5hdXRoLmJhY2tlbmRzLk1vZGVsQmFja2VuZHED\nVQ1fYXV0aF91c2VyX2lkcQSKAQR1Lg==\n','2011-12-20 22:32:01'),
	('410ccb24f973fa221f9e366475f5e985','NzkzYmMwMjg3MDMxYmFkNmM1NTZlOTYxMmVmODJkODI4ZDQyYWFlZjqAAn1xAVUKdGVzdGNvb2tp\nZXECVQZ3b3JrZWRxA3Mu\n','2012-01-21 05:52:14'),
	('41c34f3e81e472f3c6b5889bccee0b01','NzkzYmMwMjg3MDMxYmFkNmM1NTZlOTYxMmVmODJkODI4ZDQyYWFlZjqAAn1xAVUKdGVzdGNvb2tp\nZXECVQZ3b3JrZWRxA3Mu\n','2012-02-09 16:06:58'),
	('423a95ac0213e5b8b7b575f2f7d1c414','NzkzYmMwMjg3MDMxYmFkNmM1NTZlOTYxMmVmODJkODI4ZDQyYWFlZjqAAn1xAVUKdGVzdGNvb2tp\nZXECVQZ3b3JrZWRxA3Mu\n','2012-01-12 20:22:33'),
	('4268a6da04b5dae0e5e23b0e221b038f','NzkzYmMwMjg3MDMxYmFkNmM1NTZlOTYxMmVmODJkODI4ZDQyYWFlZjqAAn1xAVUKdGVzdGNvb2tp\nZXECVQZ3b3JrZWRxA3Mu\n','2012-01-30 00:01:52'),
	('429c40d0949c1626b99cdf7d815f9360','NzkzYmMwMjg3MDMxYmFkNmM1NTZlOTYxMmVmODJkODI4ZDQyYWFlZjqAAn1xAVUKdGVzdGNvb2tp\nZXECVQZ3b3JrZWRxA3Mu\n','2012-01-12 20:40:29'),
	('431214cd343ab22590be98c0addfeafc','ODU3OGUwYTFlZGE3ZDg1MjE3NGJiZTQxMThmNGU5ZTZkMWM1NTE5NjqAAn1xAShVEl9hdXRoX3Vz\nZXJfYmFja2VuZHECVSlkamFuZ28uY29udHJpYi5hdXRoLmJhY2tlbmRzLk1vZGVsQmFja2VuZHED\nVQ1fYXV0aF91c2VyX2lkcQSKAQR1Lg==\n','2012-02-02 23:35:50'),
	('433e37cbe27e8b2f06e573599c9874ac','NzkzYmMwMjg3MDMxYmFkNmM1NTZlOTYxMmVmODJkODI4ZDQyYWFlZjqAAn1xAVUKdGVzdGNvb2tp\nZXECVQZ3b3JrZWRxA3Mu\n','2012-01-17 21:12:22'),
	('433e9ca24cc8d66881f4b74c293b0657','NzkzYmMwMjg3MDMxYmFkNmM1NTZlOTYxMmVmODJkODI4ZDQyYWFlZjqAAn1xAVUKdGVzdGNvb2tp\nZXECVQZ3b3JrZWRxA3Mu\n','2012-01-16 20:24:50'),
	('435b108926a601e0bca9b76665150484','ODU3OGUwYTFlZGE3ZDg1MjE3NGJiZTQxMThmNGU5ZTZkMWM1NTE5NjqAAn1xAShVEl9hdXRoX3Vz\nZXJfYmFja2VuZHECVSlkamFuZ28uY29udHJpYi5hdXRoLmJhY2tlbmRzLk1vZGVsQmFja2VuZHED\nVQ1fYXV0aF91c2VyX2lkcQSKAQR1Lg==\n','2012-02-07 23:14:29'),
	('43b3a5deddcacf5c88c0408192aa5e11','NzkzYmMwMjg3MDMxYmFkNmM1NTZlOTYxMmVmODJkODI4ZDQyYWFlZjqAAn1xAVUKdGVzdGNvb2tp\nZXECVQZ3b3JrZWRxA3Mu\n','2012-02-05 16:29:52'),
	('43c0a83a9aabd327f95d5d618af737d1','NzkzYmMwMjg3MDMxYmFkNmM1NTZlOTYxMmVmODJkODI4ZDQyYWFlZjqAAn1xAVUKdGVzdGNvb2tp\nZXECVQZ3b3JrZWRxA3Mu\n','2012-01-12 17:44:46'),
	('440d85abfbea38f8ec59266910219792','NzkzYmMwMjg3MDMxYmFkNmM1NTZlOTYxMmVmODJkODI4ZDQyYWFlZjqAAn1xAVUKdGVzdGNvb2tp\nZXECVQZ3b3JrZWRxA3Mu\n','2012-02-15 21:08:23'),
	('44726813b44afc00ffa938bb535f38d6','NWI3NGY3YzA4ZDViNTUwMWJiY2E1Yzg5ODVlZjI3ZTYzNjU1OWRjNzqAAn1xAVUKdGVzdGNvb2tp\nZVUGd29ya2VkcQJzLg==\n','2012-01-12 20:20:12'),
	('449e3f0d3f844fa76028dc8097c199e8','NzkzYmMwMjg3MDMxYmFkNmM1NTZlOTYxMmVmODJkODI4ZDQyYWFlZjqAAn1xAVUKdGVzdGNvb2tp\nZXECVQZ3b3JrZWRxA3Mu\n','2012-02-07 04:52:31'),
	('44a978e33437ea03fedb810e9068fa3e','NzkzYmMwMjg3MDMxYmFkNmM1NTZlOTYxMmVmODJkODI4ZDQyYWFlZjqAAn1xAVUKdGVzdGNvb2tp\nZXECVQZ3b3JrZWRxA3Mu\n','2012-02-16 00:29:42'),
	('44ef83f1c7b58098e47bf41261aae53c','NzkzYmMwMjg3MDMxYmFkNmM1NTZlOTYxMmVmODJkODI4ZDQyYWFlZjqAAn1xAVUKdGVzdGNvb2tp\nZXECVQZ3b3JrZWRxA3Mu\n','2012-01-12 20:30:23'),
	('454e96db1632b6e4270ef92335cfb912','NzkzYmMwMjg3MDMxYmFkNmM1NTZlOTYxMmVmODJkODI4ZDQyYWFlZjqAAn1xAVUKdGVzdGNvb2tp\nZXECVQZ3b3JrZWRxA3Mu\n','2011-12-19 06:58:12'),
	('45a3dc7b37d1a00d124bf3177cef99d6','NzkzYmMwMjg3MDMxYmFkNmM1NTZlOTYxMmVmODJkODI4ZDQyYWFlZjqAAn1xAVUKdGVzdGNvb2tp\nZXECVQZ3b3JrZWRxA3Mu\n','2012-02-16 19:59:58'),
	('45b178d60d781b5643daac46c88b8367','NzkzYmMwMjg3MDMxYmFkNmM1NTZlOTYxMmVmODJkODI4ZDQyYWFlZjqAAn1xAVUKdGVzdGNvb2tp\nZXECVQZ3b3JrZWRxA3Mu\n','2012-02-05 16:29:02'),
	('45b25abb774ab2d52c03fa0320bc2818','NzkzYmMwMjg3MDMxYmFkNmM1NTZlOTYxMmVmODJkODI4ZDQyYWFlZjqAAn1xAVUKdGVzdGNvb2tp\nZXECVQZ3b3JrZWRxA3Mu\n','2012-01-13 00:54:13'),
	('464a856a1a241c4833232f95bbbffc77','NjBjNzA5NGQ3YTgwOTdjODdlYzI1NDhmNTBlYTQzMmM2Mjk5NDhiZDqAAn1xAShVEl9hdXRoX3Vz\nZXJfYmFja2VuZHECVSlkamFuZ28uY29udHJpYi5hdXRoLmJhY2tlbmRzLk1vZGVsQmFja2VuZHED\nVQ1fYXV0aF91c2VyX2lkcQSKAQN1Lg==\n','2011-12-13 09:52:33'),
	('4664c888d82ac030f2c1683cf589f08c','NzkzYmMwMjg3MDMxYmFkNmM1NTZlOTYxMmVmODJkODI4ZDQyYWFlZjqAAn1xAVUKdGVzdGNvb2tp\nZXECVQZ3b3JrZWRxA3Mu\n','2012-01-14 13:58:11'),
	('4712085f7db30ad388d5c2eeef963493','NzkzYmMwMjg3MDMxYmFkNmM1NTZlOTYxMmVmODJkODI4ZDQyYWFlZjqAAn1xAVUKdGVzdGNvb2tp\nZXECVQZ3b3JrZWRxA3Mu\n','2012-01-12 20:47:38'),
	('47507151969149e6a837f0d36df09f8c','NWI3NGY3YzA4ZDViNTUwMWJiY2E1Yzg5ODVlZjI3ZTYzNjU1OWRjNzqAAn1xAVUKdGVzdGNvb2tp\nZVUGd29ya2VkcQJzLg==\n','2012-01-13 11:27:11'),
	('491c48d149f3df2cc418dca8f19e61a0','NWI3NGY3YzA4ZDViNTUwMWJiY2E1Yzg5ODVlZjI3ZTYzNjU1OWRjNzqAAn1xAVUKdGVzdGNvb2tp\nZVUGd29ya2VkcQJzLg==\n','2012-02-01 23:18:23'),
	('49235d4e7c13f82866a01a21aca7fdb1','NzkzYmMwMjg3MDMxYmFkNmM1NTZlOTYxMmVmODJkODI4ZDQyYWFlZjqAAn1xAVUKdGVzdGNvb2tp\nZXECVQZ3b3JrZWRxA3Mu\n','2012-01-12 16:30:35'),
	('4add43be2666c548ee27e2fab9c420a4','NzkzYmMwMjg3MDMxYmFkNmM1NTZlOTYxMmVmODJkODI4ZDQyYWFlZjqAAn1xAVUKdGVzdGNvb2tp\nZXECVQZ3b3JrZWRxA3Mu\n','2012-01-13 14:42:28'),
	('4af595907a0d3a8215fa17326eb393e5','NzkzYmMwMjg3MDMxYmFkNmM1NTZlOTYxMmVmODJkODI4ZDQyYWFlZjqAAn1xAVUKdGVzdGNvb2tp\nZXECVQZ3b3JrZWRxA3Mu\n','2012-02-12 23:20:07'),
	('4b19ae3d7cce4c00f00a8d68e06f2cb8','MDkyYzA1YTRkMzI0Yzk0YjJmYTAwNGEyYjM4YTNkYzM3Yjc2YjA5MzqAAn1xAShVEl9hdXRoX3Vz\nZXJfYmFja2VuZHECVSlkamFuZ28uY29udHJpYi5hdXRoLmJhY2tlbmRzLk1vZGVsQmFja2VuZHED\nVQ1fYXV0aF91c2VyX2lkcQSKAQF1Lg==\n','2012-02-09 23:53:06'),
	('4b648761ffa9c874b9000ae41ba7702c','NzkzYmMwMjg3MDMxYmFkNmM1NTZlOTYxMmVmODJkODI4ZDQyYWFlZjqAAn1xAVUKdGVzdGNvb2tp\nZXECVQZ3b3JrZWRxA3Mu\n','2012-01-12 20:18:51'),
	('4b7e9bf8d292202e86acfdc48cd36600','NWI3NGY3YzA4ZDViNTUwMWJiY2E1Yzg5ODVlZjI3ZTYzNjU1OWRjNzqAAn1xAVUKdGVzdGNvb2tp\nZVUGd29ya2VkcQJzLg==\n','2012-01-12 20:19:00'),
	('4c33eba7a62503d45c0099ee151a821e','NzkzYmMwMjg3MDMxYmFkNmM1NTZlOTYxMmVmODJkODI4ZDQyYWFlZjqAAn1xAVUKdGVzdGNvb2tp\nZXECVQZ3b3JrZWRxA3Mu\n','2012-01-12 20:31:43'),
	('4c8a4d309011893211f20bff39fabaaa','NzkzYmMwMjg3MDMxYmFkNmM1NTZlOTYxMmVmODJkODI4ZDQyYWFlZjqAAn1xAVUKdGVzdGNvb2tp\nZXECVQZ3b3JrZWRxA3Mu\n','2012-01-30 01:06:30'),
	('4caed969cf81ff67084a224335f07d85','NzkzYmMwMjg3MDMxYmFkNmM1NTZlOTYxMmVmODJkODI4ZDQyYWFlZjqAAn1xAVUKdGVzdGNvb2tp\nZXECVQZ3b3JrZWRxA3Mu\n','2012-02-15 21:16:47'),
	('4d517539ef939bd213e5e2b454bb0f0a','NzkzYmMwMjg3MDMxYmFkNmM1NTZlOTYxMmVmODJkODI4ZDQyYWFlZjqAAn1xAVUKdGVzdGNvb2tp\nZXECVQZ3b3JrZWRxA3Mu\n','2012-02-15 21:17:18'),
	('4d71b606a593b04acbca6b36c61689a2','NzkzYmMwMjg3MDMxYmFkNmM1NTZlOTYxMmVmODJkODI4ZDQyYWFlZjqAAn1xAVUKdGVzdGNvb2tp\nZXECVQZ3b3JrZWRxA3Mu\n','2012-01-17 22:18:17'),
	('4efef287a36763c8e4c1cb6735e88e03','NWI3NGY3YzA4ZDViNTUwMWJiY2E1Yzg5ODVlZjI3ZTYzNjU1OWRjNzqAAn1xAVUKdGVzdGNvb2tp\nZVUGd29ya2VkcQJzLg==\n','2012-01-16 08:26:04'),
	('4f0fd886f62893adefcb39a9028bf8db','ODU3OGUwYTFlZGE3ZDg1MjE3NGJiZTQxMThmNGU5ZTZkMWM1NTE5NjqAAn1xAShVEl9hdXRoX3Vz\nZXJfYmFja2VuZHECVSlkamFuZ28uY29udHJpYi5hdXRoLmJhY2tlbmRzLk1vZGVsQmFja2VuZHED\nVQ1fYXV0aF91c2VyX2lkcQSKAQR1Lg==\n','2012-02-02 20:56:09'),
	('4f631abf8e89fa798653ab3a95d54db0','NzkzYmMwMjg3MDMxYmFkNmM1NTZlOTYxMmVmODJkODI4ZDQyYWFlZjqAAn1xAVUKdGVzdGNvb2tp\nZXECVQZ3b3JrZWRxA3Mu\n','2012-01-04 09:13:33'),
	('4f67dd9eaab16d30131f27032da67478','NzkzYmMwMjg3MDMxYmFkNmM1NTZlOTYxMmVmODJkODI4ZDQyYWFlZjqAAn1xAVUKdGVzdGNvb2tp\nZXECVQZ3b3JrZWRxA3Mu\n','2012-01-12 14:38:10'),
	('4fe839f096660f478e4880cda33612f4','Y2VkOTBlOWYwNGI0ZDBiMWE4NDNjMzUyNGVhYTBjMTU2OGM2NDAzZjqAAn1xAShVEl9hdXRoX3Vz\nZXJfYmFja2VuZHECVSlkamFuZ28uY29udHJpYi5hdXRoLmJhY2tlbmRzLk1vZGVsQmFja2VuZHED\nVQ1fYXV0aF91c2VyX2lkcQSKAQ11Lg==\n','2012-01-25 11:36:56'),
	('4feb38129eb6b7d92c994f71438cfaef','ODU3OGUwYTFlZGE3ZDg1MjE3NGJiZTQxMThmNGU5ZTZkMWM1NTE5NjqAAn1xAShVEl9hdXRoX3Vz\nZXJfYmFja2VuZHECVSlkamFuZ28uY29udHJpYi5hdXRoLmJhY2tlbmRzLk1vZGVsQmFja2VuZHED\nVQ1fYXV0aF91c2VyX2lkcQSKAQR1Lg==\n','2012-01-20 10:19:10'),
	('50260beec5213fb5f8251784bcc9cc90','NzkzYmMwMjg3MDMxYmFkNmM1NTZlOTYxMmVmODJkODI4ZDQyYWFlZjqAAn1xAVUKdGVzdGNvb2tp\nZXECVQZ3b3JrZWRxA3Mu\n','2012-02-05 16:27:58'),
	('50384754d6edab82c76dcac31736e08a','ODVmYTNlZTEzYzllZGUwZjEwYjIyYWQ5MWYxNmRiYzQ0NTE2MWU0ODqAAn1xAS4=\n','2012-02-18 23:48:39'),
	('50ab7610dcf1e0c5c27f0bfcc8f898c6','ZWUxNGFiZGVhZWMzODM0YjdlZDdiODJjMmIyNGRlYzY0Y2EwYjdjYTqAAn1xAShVEl9hdXRoX3Vz\nZXJfYmFja2VuZHECVSlkamFuZ28uY29udHJpYi5hdXRoLmJhY2tlbmRzLk1vZGVsQmFja2VuZHED\nVQ1fYXV0aF91c2VyX2lkcQSKARB1Lg==\n','2012-02-08 15:54:46'),
	('50c71774cd15434433ca8d2a13d0ba06','NzkzYmMwMjg3MDMxYmFkNmM1NTZlOTYxMmVmODJkODI4ZDQyYWFlZjqAAn1xAVUKdGVzdGNvb2tp\nZXECVQZ3b3JrZWRxA3Mu\n','2012-01-12 21:12:57'),
	('5157a488a6f6c3ba19b39de376d922bc','NzkzYmMwMjg3MDMxYmFkNmM1NTZlOTYxMmVmODJkODI4ZDQyYWFlZjqAAn1xAVUKdGVzdGNvb2tp\nZXECVQZ3b3JrZWRxA3Mu\n','2012-01-12 20:19:24'),
	('52884dc46f86e7468ad3b2a79e28f3e1','ODU3OGUwYTFlZGE3ZDg1MjE3NGJiZTQxMThmNGU5ZTZkMWM1NTE5NjqAAn1xAShVEl9hdXRoX3Vz\nZXJfYmFja2VuZHECVSlkamFuZ28uY29udHJpYi5hdXRoLmJhY2tlbmRzLk1vZGVsQmFja2VuZHED\nVQ1fYXV0aF91c2VyX2lkcQSKAQR1Lg==\n','2012-02-03 10:34:35'),
	('5299f797dafaf9334705baceb45eb531','NzkzYmMwMjg3MDMxYmFkNmM1NTZlOTYxMmVmODJkODI4ZDQyYWFlZjqAAn1xAVUKdGVzdGNvb2tp\nZXECVQZ3b3JrZWRxA3Mu\n','2012-01-12 20:35:08'),
	('52a23d926db34ed4098d59a9c472f2b2','NzkzYmMwMjg3MDMxYmFkNmM1NTZlOTYxMmVmODJkODI4ZDQyYWFlZjqAAn1xAVUKdGVzdGNvb2tp\nZXECVQZ3b3JrZWRxA3Mu\n','2011-12-21 03:31:17'),
	('531ce7b85b911620dc45f7de3d066d47','NzkzYmMwMjg3MDMxYmFkNmM1NTZlOTYxMmVmODJkODI4ZDQyYWFlZjqAAn1xAVUKdGVzdGNvb2tp\nZXECVQZ3b3JrZWRxA3Mu\n','2011-12-24 12:13:26'),
	('531f7ad4767f0579e984e5b1c2cd74ec','NzkzYmMwMjg3MDMxYmFkNmM1NTZlOTYxMmVmODJkODI4ZDQyYWFlZjqAAn1xAVUKdGVzdGNvb2tp\nZXECVQZ3b3JrZWRxA3Mu\n','2012-01-12 20:18:32'),
	('53212cb6aa8b6719ffa08368272ff0ae','NzkzYmMwMjg3MDMxYmFkNmM1NTZlOTYxMmVmODJkODI4ZDQyYWFlZjqAAn1xAVUKdGVzdGNvb2tp\nZXECVQZ3b3JrZWRxA3Mu\n','2012-02-05 16:27:56'),
	('5329c8a5a613ad794dac37ae2ddc06ef','NzkzYmMwMjg3MDMxYmFkNmM1NTZlOTYxMmVmODJkODI4ZDQyYWFlZjqAAn1xAVUKdGVzdGNvb2tp\nZXECVQZ3b3JrZWRxA3Mu\n','2012-01-12 18:56:25'),
	('5345e7920e665578f5836a79e367c1eb','NzkzYmMwMjg3MDMxYmFkNmM1NTZlOTYxMmVmODJkODI4ZDQyYWFlZjqAAn1xAVUKdGVzdGNvb2tp\nZXECVQZ3b3JrZWRxA3Mu\n','2012-01-12 20:18:33'),
	('534ddb59efb1c70bae7da9e66cb4e933','YzU4NDVkYmYyMTIzNDFkZmI4NDJjMmI4NzQxMmM1M2ZjYTczMThhMTqAAn1xAShVCnRlc3Rjb29r\naWVxAlUGd29ya2VkcQNVDV9hdXRoX3VzZXJfaWSKAQxVEl9hdXRoX3VzZXJfYmFja2VuZFUpZGph\nbmdvLmNvbnRyaWIuYXV0aC5iYWNrZW5kcy5Nb2RlbEJhY2tlbmR1Lg==\n','2012-01-29 22:16:27'),
	('554aa1b0ad2e684215319581f7288c94','ODU3OGUwYTFlZGE3ZDg1MjE3NGJiZTQxMThmNGU5ZTZkMWM1NTE5NjqAAn1xAShVEl9hdXRoX3Vz\nZXJfYmFja2VuZHECVSlkamFuZ28uY29udHJpYi5hdXRoLmJhY2tlbmRzLk1vZGVsQmFja2VuZHED\nVQ1fYXV0aF91c2VyX2lkcQSKAQR1Lg==\n','2012-01-19 22:00:47'),
	('55a5a73dc4f8840357d695479bbb3661','NzkzYmMwMjg3MDMxYmFkNmM1NTZlOTYxMmVmODJkODI4ZDQyYWFlZjqAAn1xAVUKdGVzdGNvb2tp\nZXECVQZ3b3JrZWRxA3Mu\n','2012-02-15 21:07:33'),
	('55ca753b892f32b22bb3991e27a98875','NzkzYmMwMjg3MDMxYmFkNmM1NTZlOTYxMmVmODJkODI4ZDQyYWFlZjqAAn1xAVUKdGVzdGNvb2tp\nZXECVQZ3b3JrZWRxA3Mu\n','2012-01-12 20:18:32'),
	('57397cac40332f87c1af871c09a14d96','ODU3OGUwYTFlZGE3ZDg1MjE3NGJiZTQxMThmNGU5ZTZkMWM1NTE5NjqAAn1xAShVEl9hdXRoX3Vz\nZXJfYmFja2VuZHECVSlkamFuZ28uY29udHJpYi5hdXRoLmJhY2tlbmRzLk1vZGVsQmFja2VuZHED\nVQ1fYXV0aF91c2VyX2lkcQSKAQR1Lg==\n','2011-12-20 22:34:26'),
	('577e4c38b5d82950c4330160289fa4fb','MjhkMjU2OTE2MGEzYzYzOTk4NzU1OGEzMmUwM2NiYTJkNmU0MmNhYzqAAn1xAShVEl9hdXRoX3Vz\nZXJfYmFja2VuZHECVSlkamFuZ28uY29udHJpYi5hdXRoLmJhY2tlbmRzLk1vZGVsQmFja2VuZHED\nVQ1fYXV0aF91c2VyX2lkcQSKAQ51Lg==\n','2012-02-13 15:57:39'),
	('57922205abdd3e8a5ef92c89e3e97bd1','NzkzYmMwMjg3MDMxYmFkNmM1NTZlOTYxMmVmODJkODI4ZDQyYWFlZjqAAn1xAVUKdGVzdGNvb2tp\nZXECVQZ3b3JrZWRxA3Mu\n','2012-01-12 20:26:36'),
	('59b0607747e65ec2bdafa0262bc28759','ODU3OGUwYTFlZGE3ZDg1MjE3NGJiZTQxMThmNGU5ZTZkMWM1NTE5NjqAAn1xAShVEl9hdXRoX3Vz\nZXJfYmFja2VuZHECVSlkamFuZ28uY29udHJpYi5hdXRoLmJhY2tlbmRzLk1vZGVsQmFja2VuZHED\nVQ1fYXV0aF91c2VyX2lkcQSKAQR1Lg==\n','2011-12-26 22:03:52'),
	('59e6a2684db6bd6a3eb9bddf66b5f659','NzkzYmMwMjg3MDMxYmFkNmM1NTZlOTYxMmVmODJkODI4ZDQyYWFlZjqAAn1xAVUKdGVzdGNvb2tp\nZXECVQZ3b3JrZWRxA3Mu\n','2012-01-12 20:20:42'),
	('5a5cf2000e99d1e63b85ba8fe2fd2488','NWI3NGY3YzA4ZDViNTUwMWJiY2E1Yzg5ODVlZjI3ZTYzNjU1OWRjNzqAAn1xAVUKdGVzdGNvb2tp\nZVUGd29ya2VkcQJzLg==\n','2012-01-12 20:32:35'),
	('5a7978d212334d7ea66bb2d3abcd580c','NzkzYmMwMjg3MDMxYmFkNmM1NTZlOTYxMmVmODJkODI4ZDQyYWFlZjqAAn1xAVUKdGVzdGNvb2tp\nZXECVQZ3b3JrZWRxA3Mu\n','2012-01-12 20:33:06'),
	('5adbd1a61c8d18e3e29c0608246b1b7b','NzkzYmMwMjg3MDMxYmFkNmM1NTZlOTYxMmVmODJkODI4ZDQyYWFlZjqAAn1xAVUKdGVzdGNvb2tp\nZXECVQZ3b3JrZWRxA3Mu\n','2012-01-13 09:53:56'),
	('5bc42154306d9af4d28f5b43deeab5b8','NjBjNzA5NGQ3YTgwOTdjODdlYzI1NDhmNTBlYTQzMmM2Mjk5NDhiZDqAAn1xAShVEl9hdXRoX3Vz\nZXJfYmFja2VuZHECVSlkamFuZ28uY29udHJpYi5hdXRoLmJhY2tlbmRzLk1vZGVsQmFja2VuZHED\nVQ1fYXV0aF91c2VyX2lkcQSKAQN1Lg==\n','2012-01-17 17:21:14'),
	('5befe2e00de9197f92daf16011e20c96','NzkzYmMwMjg3MDMxYmFkNmM1NTZlOTYxMmVmODJkODI4ZDQyYWFlZjqAAn1xAVUKdGVzdGNvb2tp\nZXECVQZ3b3JrZWRxA3Mu\n','2012-01-13 03:11:50'),
	('5c118d59c4af479d2b95bdccb7221205','NWI3NGY3YzA4ZDViNTUwMWJiY2E1Yzg5ODVlZjI3ZTYzNjU1OWRjNzqAAn1xAVUKdGVzdGNvb2tp\nZVUGd29ya2VkcQJzLg==\n','2012-01-15 02:03:49'),
	('5c9e404ead16fc72ba2f18b59544574e','ODU3OGUwYTFlZGE3ZDg1MjE3NGJiZTQxMThmNGU5ZTZkMWM1NTE5NjqAAn1xAShVEl9hdXRoX3Vz\nZXJfYmFja2VuZHECVSlkamFuZ28uY29udHJpYi5hdXRoLmJhY2tlbmRzLk1vZGVsQmFja2VuZHED\nVQ1fYXV0aF91c2VyX2lkcQSKAQR1Lg==\n','2012-01-24 23:13:27'),
	('5cb053e8303a2729642179658c04e77f','NzkzYmMwMjg3MDMxYmFkNmM1NTZlOTYxMmVmODJkODI4ZDQyYWFlZjqAAn1xAVUKdGVzdGNvb2tp\nZXECVQZ3b3JrZWRxA3Mu\n','2012-01-04 03:27:28'),
	('5cb5467e8a0e88799c62b0a580d2a045','NWI3NGY3YzA4ZDViNTUwMWJiY2E1Yzg5ODVlZjI3ZTYzNjU1OWRjNzqAAn1xAVUKdGVzdGNvb2tp\nZVUGd29ya2VkcQJzLg==\n','2012-01-12 20:22:51'),
	('5cce4c8b544a78215ede9263b44fef92','NzkzYmMwMjg3MDMxYmFkNmM1NTZlOTYxMmVmODJkODI4ZDQyYWFlZjqAAn1xAVUKdGVzdGNvb2tp\nZXECVQZ3b3JrZWRxA3Mu\n','2012-01-19 15:09:40'),
	('5d0bc742e62c0867bbb93dbde1b0712c','NWI3NGY3YzA4ZDViNTUwMWJiY2E1Yzg5ODVlZjI3ZTYzNjU1OWRjNzqAAn1xAVUKdGVzdGNvb2tp\nZVUGd29ya2VkcQJzLg==\n','2012-01-13 02:48:57'),
	('5d4a6c84edac208346d298770e334a9f','NzkzYmMwMjg3MDMxYmFkNmM1NTZlOTYxMmVmODJkODI4ZDQyYWFlZjqAAn1xAVUKdGVzdGNvb2tp\nZXECVQZ3b3JrZWRxA3Mu\n','2012-01-12 21:09:40'),
	('5e7ab756d50ff230134b83a5c54d6ffa','NzkzYmMwMjg3MDMxYmFkNmM1NTZlOTYxMmVmODJkODI4ZDQyYWFlZjqAAn1xAVUKdGVzdGNvb2tp\nZXECVQZ3b3JrZWRxA3Mu\n','2012-01-21 04:02:15'),
	('5e7c3a5fcfccfc9dd39e902308df95fb','NzkzYmMwMjg3MDMxYmFkNmM1NTZlOTYxMmVmODJkODI4ZDQyYWFlZjqAAn1xAVUKdGVzdGNvb2tp\nZXECVQZ3b3JrZWRxA3Mu\n','2012-02-16 08:27:50'),
	('5e8fcacbe22bece32c1633191ce1af0e','NzkzYmMwMjg3MDMxYmFkNmM1NTZlOTYxMmVmODJkODI4ZDQyYWFlZjqAAn1xAVUKdGVzdGNvb2tp\nZXECVQZ3b3JrZWRxA3Mu\n','2012-01-02 03:55:18'),
	('5eb82f9dd82dd47238f1ee95ec037119','ODU3OGUwYTFlZGE3ZDg1MjE3NGJiZTQxMThmNGU5ZTZkMWM1NTE5NjqAAn1xAShVEl9hdXRoX3Vz\nZXJfYmFja2VuZHECVSlkamFuZ28uY29udHJpYi5hdXRoLmJhY2tlbmRzLk1vZGVsQmFja2VuZHED\nVQ1fYXV0aF91c2VyX2lkcQSKAQR1Lg==\n','2012-01-18 10:32:41'),
	('5f2f51c1480c65b501ace215a35abfdd','NzcxYzQxMWNkMmQxODI0YTBjMzc5MWViODRhZTc5ZDFkNmQxZjRmZTqAAn1xAShVEl9hdXRoX3Vz\nZXJfYmFja2VuZHECVSlkamFuZ28uY29udHJpYi5hdXRoLmJhY2tlbmRzLk1vZGVsQmFja2VuZHED\nVQ1fYXV0aF91c2VyX2lkcQSKAQt1Lg==\n','2012-01-16 20:24:44'),
	('5f3b39c9d556e246e0d431d99d3b58d4','NzkzYmMwMjg3MDMxYmFkNmM1NTZlOTYxMmVmODJkODI4ZDQyYWFlZjqAAn1xAVUKdGVzdGNvb2tp\nZXECVQZ3b3JrZWRxA3Mu\n','2012-01-23 06:11:43'),
	('5fb42bdc799fbd83b2913dba09e81f43','NzkzYmMwMjg3MDMxYmFkNmM1NTZlOTYxMmVmODJkODI4ZDQyYWFlZjqAAn1xAVUKdGVzdGNvb2tp\nZXECVQZ3b3JrZWRxA3Mu\n','2012-01-12 20:29:27'),
	('5fd9a4ed142517210866cccc3dcca94c','MDkyYzA1YTRkMzI0Yzk0YjJmYTAwNGEyYjM4YTNkYzM3Yjc2YjA5MzqAAn1xAShVEl9hdXRoX3Vz\nZXJfYmFja2VuZHECVSlkamFuZ28uY29udHJpYi5hdXRoLmJhY2tlbmRzLk1vZGVsQmFja2VuZHED\nVQ1fYXV0aF91c2VyX2lkcQSKAQF1Lg==\n','2011-11-29 01:48:28'),
	('6061ff29fef86ffa5cd525ffc3e04153','NzkzYmMwMjg3MDMxYmFkNmM1NTZlOTYxMmVmODJkODI4ZDQyYWFlZjqAAn1xAVUKdGVzdGNvb2tp\nZXECVQZ3b3JrZWRxA3Mu\n','2012-01-12 20:57:33'),
	('60ab65d64bcfa5fdbae0c17df5587f8e','ODU3OGUwYTFlZGE3ZDg1MjE3NGJiZTQxMThmNGU5ZTZkMWM1NTE5NjqAAn1xAShVEl9hdXRoX3Vz\nZXJfYmFja2VuZHECVSlkamFuZ28uY29udHJpYi5hdXRoLmJhY2tlbmRzLk1vZGVsQmFja2VuZHED\nVQ1fYXV0aF91c2VyX2lkcQSKAQR1Lg==\n','2012-02-06 09:39:41'),
	('60cd2a376b789e9c5f9afc8e7eec073b','NzkzYmMwMjg3MDMxYmFkNmM1NTZlOTYxMmVmODJkODI4ZDQyYWFlZjqAAn1xAVUKdGVzdGNvb2tp\nZXECVQZ3b3JrZWRxA3Mu\n','2012-01-12 18:55:28'),
	('614f439a69bbcd0ed4f20a270e6dbbe2','NzkzYmMwMjg3MDMxYmFkNmM1NTZlOTYxMmVmODJkODI4ZDQyYWFlZjqAAn1xAVUKdGVzdGNvb2tp\nZXECVQZ3b3JrZWRxA3Mu\n','2012-01-16 14:29:02'),
	('61cf593235893271cb1d98e7df428bed','NWI3NGY3YzA4ZDViNTUwMWJiY2E1Yzg5ODVlZjI3ZTYzNjU1OWRjNzqAAn1xAVUKdGVzdGNvb2tp\nZVUGd29ya2VkcQJzLg==\n','2012-01-12 20:20:05'),
	('632359e5b6135cfff097b7d29c0f6ec0','NWI3NGY3YzA4ZDViNTUwMWJiY2E1Yzg5ODVlZjI3ZTYzNjU1OWRjNzqAAn1xAVUKdGVzdGNvb2tp\nZVUGd29ya2VkcQJzLg==\n','2012-01-15 21:39:51'),
	('643d3fc51e7b9fd5ed07cba1acfc3c42','NzkzYmMwMjg3MDMxYmFkNmM1NTZlOTYxMmVmODJkODI4ZDQyYWFlZjqAAn1xAVUKdGVzdGNvb2tp\nZXECVQZ3b3JrZWRxA3Mu\n','2012-01-12 20:18:42'),
	('645559cbfaf58ebcd7e968590b7779e4','ODU3OGUwYTFlZGE3ZDg1MjE3NGJiZTQxMThmNGU5ZTZkMWM1NTE5NjqAAn1xAShVEl9hdXRoX3Vz\nZXJfYmFja2VuZHECVSlkamFuZ28uY29udHJpYi5hdXRoLmJhY2tlbmRzLk1vZGVsQmFja2VuZHED\nVQ1fYXV0aF91c2VyX2lkcQSKAQR1Lg==\n','2011-12-29 09:46:48'),
	('654a6cf3aa4607a24c85402a7e504a6f','NzkzYmMwMjg3MDMxYmFkNmM1NTZlOTYxMmVmODJkODI4ZDQyYWFlZjqAAn1xAVUKdGVzdGNvb2tp\nZXECVQZ3b3JrZWRxA3Mu\n','2012-01-12 23:56:44'),
	('6591d179b9277e38cbf90c3bf354d71c','NzkzYmMwMjg3MDMxYmFkNmM1NTZlOTYxMmVmODJkODI4ZDQyYWFlZjqAAn1xAVUKdGVzdGNvb2tp\nZXECVQZ3b3JrZWRxA3Mu\n','2012-01-12 20:25:06'),
	('65a850aadfa5000f935fdbc7da19c3dd','NzkzYmMwMjg3MDMxYmFkNmM1NTZlOTYxMmVmODJkODI4ZDQyYWFlZjqAAn1xAVUKdGVzdGNvb2tp\nZXECVQZ3b3JrZWRxA3Mu\n','2011-12-11 21:29:56'),
	('661cbe6426c4d90a75bd4fbabb6edcd2','NzkzYmMwMjg3MDMxYmFkNmM1NTZlOTYxMmVmODJkODI4ZDQyYWFlZjqAAn1xAVUKdGVzdGNvb2tp\nZXECVQZ3b3JrZWRxA3Mu\n','2011-12-28 01:45:39'),
	('66f4a62e0f23d583470c831e2e41d66a','NzkzYmMwMjg3MDMxYmFkNmM1NTZlOTYxMmVmODJkODI4ZDQyYWFlZjqAAn1xAVUKdGVzdGNvb2tp\nZXECVQZ3b3JrZWRxA3Mu\n','2012-01-12 20:27:35'),
	('67f4ffe60e963cb9e3349e4384fcfb8e','NzkzYmMwMjg3MDMxYmFkNmM1NTZlOTYxMmVmODJkODI4ZDQyYWFlZjqAAn1xAVUKdGVzdGNvb2tp\nZXECVQZ3b3JrZWRxA3Mu\n','2012-02-15 21:11:14'),
	('6886aca7830fe54d76817f81c08526d9','NzkzYmMwMjg3MDMxYmFkNmM1NTZlOTYxMmVmODJkODI4ZDQyYWFlZjqAAn1xAVUKdGVzdGNvb2tp\nZXECVQZ3b3JrZWRxA3Mu\n','2012-01-05 23:03:15'),
	('69e6a06603e9574a91c456916da7be15','MjhkMjU2OTE2MGEzYzYzOTk4NzU1OGEzMmUwM2NiYTJkNmU0MmNhYzqAAn1xAShVEl9hdXRoX3Vz\nZXJfYmFja2VuZHECVSlkamFuZ28uY29udHJpYi5hdXRoLmJhY2tlbmRzLk1vZGVsQmFja2VuZHED\nVQ1fYXV0aF91c2VyX2lkcQSKAQ51Lg==\n','2012-02-07 22:38:16'),
	('6a77b2a139653cfa939e1c6693650f59','NzkzYmMwMjg3MDMxYmFkNmM1NTZlOTYxMmVmODJkODI4ZDQyYWFlZjqAAn1xAVUKdGVzdGNvb2tp\nZXECVQZ3b3JrZWRxA3Mu\n','2012-02-15 21:09:57'),
	('6afe2a9fb7bbaa468b1175dedc2796f3','NzkzYmMwMjg3MDMxYmFkNmM1NTZlOTYxMmVmODJkODI4ZDQyYWFlZjqAAn1xAVUKdGVzdGNvb2tp\nZXECVQZ3b3JrZWRxA3Mu\n','2012-02-17 05:24:31'),
	('6b36afe8b42812ba720d73e2012effbb','Mzc2ZWZkOGE4YWJjNjY3MDU0MjE0ZjdlMzFlYTBmZjAwOTM1ZGFmZTqAAn1xAShVEl9hdXRoX3Vz\nZXJfYmFja2VuZHECVSlkamFuZ28uY29udHJpYi5hdXRoLmJhY2tlbmRzLk1vZGVsQmFja2VuZHED\nVQ1fYXV0aF91c2VyX2lkcQSKAQJ1Lg==\n','2011-12-11 19:16:34'),
	('6d1508ccdfc19a75397eef5b0531607d','MDkyYzA1YTRkMzI0Yzk0YjJmYTAwNGEyYjM4YTNkYzM3Yjc2YjA5MzqAAn1xAShVEl9hdXRoX3Vz\nZXJfYmFja2VuZHECVSlkamFuZ28uY29udHJpYi5hdXRoLmJhY2tlbmRzLk1vZGVsQmFja2VuZHED\nVQ1fYXV0aF91c2VyX2lkcQSKAQF1Lg==\n','2012-01-30 10:21:56'),
	('6d2c6c418889d10c3a7495c00786156c','NzkzYmMwMjg3MDMxYmFkNmM1NTZlOTYxMmVmODJkODI4ZDQyYWFlZjqAAn1xAVUKdGVzdGNvb2tp\nZXECVQZ3b3JrZWRxA3Mu\n','2012-01-12 20:18:32'),
	('6d6bf533bdf05ce9526448b56743df99','NzkzYmMwMjg3MDMxYmFkNmM1NTZlOTYxMmVmODJkODI4ZDQyYWFlZjqAAn1xAVUKdGVzdGNvb2tp\nZXECVQZ3b3JrZWRxA3Mu\n','2012-02-15 15:09:14'),
	('6e958382de1b5bf361949cc6c0982882','NzkzYmMwMjg3MDMxYmFkNmM1NTZlOTYxMmVmODJkODI4ZDQyYWFlZjqAAn1xAVUKdGVzdGNvb2tp\nZXECVQZ3b3JrZWRxA3Mu\n','2011-12-26 20:13:06'),
	('6f17acd57eef426ee1c1dd66af33e4d4','NzkzYmMwMjg3MDMxYmFkNmM1NTZlOTYxMmVmODJkODI4ZDQyYWFlZjqAAn1xAVUKdGVzdGNvb2tp\nZXECVQZ3b3JrZWRxA3Mu\n','2012-02-15 21:31:35'),
	('6f4383b5d36e61f33ea14f0cd75a27b2','NzkzYmMwMjg3MDMxYmFkNmM1NTZlOTYxMmVmODJkODI4ZDQyYWFlZjqAAn1xAVUKdGVzdGNvb2tp\nZXECVQZ3b3JrZWRxA3Mu\n','2012-01-12 22:21:07'),
	('6f918c8c0eb9ed80465c2a9b75d1d98d','NzkzYmMwMjg3MDMxYmFkNmM1NTZlOTYxMmVmODJkODI4ZDQyYWFlZjqAAn1xAVUKdGVzdGNvb2tp\nZXECVQZ3b3JrZWRxA3Mu\n','2012-01-16 13:45:09'),
	('7045128b3b05b630b339812e448bebce','NzkzYmMwMjg3MDMxYmFkNmM1NTZlOTYxMmVmODJkODI4ZDQyYWFlZjqAAn1xAVUKdGVzdGNvb2tp\nZXECVQZ3b3JrZWRxA3Mu\n','2012-01-12 20:25:23'),
	('7060c16c1d8536f144eca35814737bf8','MDkyYzA1YTRkMzI0Yzk0YjJmYTAwNGEyYjM4YTNkYzM3Yjc2YjA5MzqAAn1xAShVEl9hdXRoX3Vz\nZXJfYmFja2VuZHECVSlkamFuZ28uY29udHJpYi5hdXRoLmJhY2tlbmRzLk1vZGVsQmFja2VuZHED\nVQ1fYXV0aF91c2VyX2lkcQSKAQF1Lg==\n','2011-12-28 18:01:56'),
	('707f742ec315f5d58d80cb76f648047a','ODU3OGUwYTFlZGE3ZDg1MjE3NGJiZTQxMThmNGU5ZTZkMWM1NTE5NjqAAn1xAShVEl9hdXRoX3Vz\nZXJfYmFja2VuZHECVSlkamFuZ28uY29udHJpYi5hdXRoLmJhY2tlbmRzLk1vZGVsQmFja2VuZHED\nVQ1fYXV0aF91c2VyX2lkcQSKAQR1Lg==\n','2012-02-02 11:26:06'),
	('70a8adf20159d5b78cd0d6a5dd838401','MDkyYzA1YTRkMzI0Yzk0YjJmYTAwNGEyYjM4YTNkYzM3Yjc2YjA5MzqAAn1xAShVEl9hdXRoX3Vz\nZXJfYmFja2VuZHECVSlkamFuZ28uY29udHJpYi5hdXRoLmJhY2tlbmRzLk1vZGVsQmFja2VuZHED\nVQ1fYXV0aF91c2VyX2lkcQSKAQF1Lg==\n','2011-12-26 22:28:43'),
	('717fd8a8ef7cc3424be82c793c8d0a72','NzBiNGFmZDA0MTQ5NGExMWZiMDM4OTA3Y2YxOTQ4YzU3YmMwYzhkNzqAAn1xAShVEl9hdXRoX3Vz\nZXJfYmFja2VuZHECVSlkamFuZ28uY29udHJpYi5hdXRoLmJhY2tlbmRzLk1vZGVsQmFja2VuZHED\nVQ1fYXV0aF91c2VyX2lkcQSKAQZ1Lg==\n','2011-12-23 20:34:39'),
	('71db2597ecec3b36136cec27f14d6140','NzkzYmMwMjg3MDMxYmFkNmM1NTZlOTYxMmVmODJkODI4ZDQyYWFlZjqAAn1xAVUKdGVzdGNvb2tp\nZXECVQZ3b3JrZWRxA3Mu\n','2011-12-13 09:57:35'),
	('7264398a1f77a657bae30708b77eb85a','NzkzYmMwMjg3MDMxYmFkNmM1NTZlOTYxMmVmODJkODI4ZDQyYWFlZjqAAn1xAVUKdGVzdGNvb2tp\nZXECVQZ3b3JrZWRxA3Mu\n','2012-02-15 21:17:19'),
	('727b70e5a189585413bb3d76af11a0e5','NzkzYmMwMjg3MDMxYmFkNmM1NTZlOTYxMmVmODJkODI4ZDQyYWFlZjqAAn1xAVUKdGVzdGNvb2tp\nZXECVQZ3b3JrZWRxA3Mu\n','2011-12-31 10:28:17'),
	('73619ad8172cd191eb23d88aed85547b','ODU3OGUwYTFlZGE3ZDg1MjE3NGJiZTQxMThmNGU5ZTZkMWM1NTE5NjqAAn1xAShVEl9hdXRoX3Vz\nZXJfYmFja2VuZHECVSlkamFuZ28uY29udHJpYi5hdXRoLmJhY2tlbmRzLk1vZGVsQmFja2VuZHED\nVQ1fYXV0aF91c2VyX2lkcQSKAQR1Lg==\n','2011-12-28 19:12:07'),
	('73774750da6e3e18bb763ba03f7cbee2','NzkzYmMwMjg3MDMxYmFkNmM1NTZlOTYxMmVmODJkODI4ZDQyYWFlZjqAAn1xAVUKdGVzdGNvb2tp\nZXECVQZ3b3JrZWRxA3Mu\n','2012-02-06 09:08:39'),
	('73b155e8bed9d1091bd7f183a659453c','NzkzYmMwMjg3MDMxYmFkNmM1NTZlOTYxMmVmODJkODI4ZDQyYWFlZjqAAn1xAVUKdGVzdGNvb2tp\nZXECVQZ3b3JrZWRxA3Mu\n','2011-12-17 22:26:49'),
	('73c8e60cdb0de73719240221e2601847','NzkzYmMwMjg3MDMxYmFkNmM1NTZlOTYxMmVmODJkODI4ZDQyYWFlZjqAAn1xAVUKdGVzdGNvb2tp\nZXECVQZ3b3JrZWRxA3Mu\n','2012-01-12 20:30:31'),
	('745a492d374765afadd32b90cd8c2a61','NzkzYmMwMjg3MDMxYmFkNmM1NTZlOTYxMmVmODJkODI4ZDQyYWFlZjqAAn1xAVUKdGVzdGNvb2tp\nZXECVQZ3b3JrZWRxA3Mu\n','2012-02-16 08:27:50'),
	('747c8ae1b7b3e130ad0860998c09452e','NzkzYmMwMjg3MDMxYmFkNmM1NTZlOTYxMmVmODJkODI4ZDQyYWFlZjqAAn1xAVUKdGVzdGNvb2tp\nZXECVQZ3b3JrZWRxA3Mu\n','2012-01-12 18:56:05'),
	('754649c570d9f88c9cfdda5c49aaca6a','NzkzYmMwMjg3MDMxYmFkNmM1NTZlOTYxMmVmODJkODI4ZDQyYWFlZjqAAn1xAVUKdGVzdGNvb2tp\nZXECVQZ3b3JrZWRxA3Mu\n','2012-01-12 20:18:32'),
	('761353d5c0ebcb99746a89c8f72c2ffd','NzkzYmMwMjg3MDMxYmFkNmM1NTZlOTYxMmVmODJkODI4ZDQyYWFlZjqAAn1xAVUKdGVzdGNvb2tp\nZXECVQZ3b3JrZWRxA3Mu\n','2012-01-16 01:14:50'),
	('76ac947d248b671477d555aa11936192','NzkzYmMwMjg3MDMxYmFkNmM1NTZlOTYxMmVmODJkODI4ZDQyYWFlZjqAAn1xAVUKdGVzdGNvb2tp\nZXECVQZ3b3JrZWRxA3Mu\n','2011-12-24 10:53:17'),
	('7742765ee7bc3585461617c7a2198f90','NzkzYmMwMjg3MDMxYmFkNmM1NTZlOTYxMmVmODJkODI4ZDQyYWFlZjqAAn1xAVUKdGVzdGNvb2tp\nZXECVQZ3b3JrZWRxA3Mu\n','2012-01-15 02:27:37'),
	('7758f8c04db6e2983ab9209a08afcc27','NzkzYmMwMjg3MDMxYmFkNmM1NTZlOTYxMmVmODJkODI4ZDQyYWFlZjqAAn1xAVUKdGVzdGNvb2tp\nZXECVQZ3b3JrZWRxA3Mu\n','2011-12-20 15:33:41'),
	('7761020401f229a828a0ef60c76ee47c','ZTMxMzMzZDEwNDQ5ZTVjNGM3ZjQyOWQ2ZjQ1Y2Y3YmI3YWJjNjU4OTqAAn1xAShVDV9hdXRoX3Vz\nZXJfaWSKAQFVEl9hdXRoX3VzZXJfYmFja2VuZFUpZGphbmdvLmNvbnRyaWIuYXV0aC5iYWNrZW5k\ncy5Nb2RlbEJhY2tlbmRxAnUu\n','2011-12-11 15:36:21'),
	('77614c7045e4fb28dc756c8f2703319b','NzkzYmMwMjg3MDMxYmFkNmM1NTZlOTYxMmVmODJkODI4ZDQyYWFlZjqAAn1xAVUKdGVzdGNvb2tp\nZXECVQZ3b3JrZWRxA3Mu\n','2012-02-15 21:07:33'),
	('787dc21389e2824efed37c93ca4afc58','NzkzYmMwMjg3MDMxYmFkNmM1NTZlOTYxMmVmODJkODI4ZDQyYWFlZjqAAn1xAVUKdGVzdGNvb2tp\nZXECVQZ3b3JrZWRxA3Mu\n','2012-01-12 22:22:04'),
	('78cf6eff792354610924c83361313e5d','NzkzYmMwMjg3MDMxYmFkNmM1NTZlOTYxMmVmODJkODI4ZDQyYWFlZjqAAn1xAVUKdGVzdGNvb2tp\nZXECVQZ3b3JrZWRxA3Mu\n','2012-01-12 20:19:32'),
	('78fd6d04afda5e0abb47b0f520a2e120','NjBjNzA5NGQ3YTgwOTdjODdlYzI1NDhmNTBlYTQzMmM2Mjk5NDhiZDqAAn1xAShVEl9hdXRoX3Vz\nZXJfYmFja2VuZHECVSlkamFuZ28uY29udHJpYi5hdXRoLmJhY2tlbmRzLk1vZGVsQmFja2VuZHED\nVQ1fYXV0aF91c2VyX2lkcQSKAQN1Lg==\n','2011-12-27 11:15:57'),
	('7994d448485b457e632625a8a95da039','NzkzYmMwMjg3MDMxYmFkNmM1NTZlOTYxMmVmODJkODI4ZDQyYWFlZjqAAn1xAVUKdGVzdGNvb2tp\nZXECVQZ3b3JrZWRxA3Mu\n','2012-02-08 02:51:25'),
	('79c049a159e1030fe3557b9996204695','MDkyYzA1YTRkMzI0Yzk0YjJmYTAwNGEyYjM4YTNkYzM3Yjc2YjA5MzqAAn1xAShVEl9hdXRoX3Vz\nZXJfYmFja2VuZHECVSlkamFuZ28uY29udHJpYi5hdXRoLmJhY2tlbmRzLk1vZGVsQmFja2VuZHED\nVQ1fYXV0aF91c2VyX2lkcQSKAQF1Lg==\n','2012-01-26 23:08:36'),
	('79f702bd204a1b39911103a87af853d0','NzkzYmMwMjg3MDMxYmFkNmM1NTZlOTYxMmVmODJkODI4ZDQyYWFlZjqAAn1xAVUKdGVzdGNvb2tp\nZXECVQZ3b3JrZWRxA3Mu\n','2012-01-12 20:19:35'),
	('79f8b3da2063f3bbc4f9b0fd8eb52335','NzkzYmMwMjg3MDMxYmFkNmM1NTZlOTYxMmVmODJkODI4ZDQyYWFlZjqAAn1xAVUKdGVzdGNvb2tp\nZXECVQZ3b3JrZWRxA3Mu\n','2012-02-16 06:00:48'),
	('7a19c8c229ae5bac163e1bfcd4198fb6','NzkzYmMwMjg3MDMxYmFkNmM1NTZlOTYxMmVmODJkODI4ZDQyYWFlZjqAAn1xAVUKdGVzdGNvb2tp\nZXECVQZ3b3JrZWRxA3Mu\n','2012-01-12 20:22:39'),
	('7aa97edb0ce5126dad920a43c3864f7c','NzkzYmMwMjg3MDMxYmFkNmM1NTZlOTYxMmVmODJkODI4ZDQyYWFlZjqAAn1xAVUKdGVzdGNvb2tp\nZXECVQZ3b3JrZWRxA3Mu\n','2012-02-16 06:30:14'),
	('7b177ebd351560dbeb424b2915de3b00','OGE2ODNmNjc1YzM5YjFjYmI2MzdhYWU4N2E1NzU4OWJkNzgwZmY5ZTqAAn1xAShVEl9hdXRoX3Vz\nZXJfYmFja2VuZHECVSlkamFuZ28uY29udHJpYi5hdXRoLmJhY2tlbmRzLk1vZGVsQmFja2VuZHED\nVQ1fYXV0aF91c2VyX2lkcQSKAQV1Lg==\n','2012-02-16 00:31:56'),
	('7bfe89fb7487133721f2a1ea44304a0a','NzkzYmMwMjg3MDMxYmFkNmM1NTZlOTYxMmVmODJkODI4ZDQyYWFlZjqAAn1xAVUKdGVzdGNvb2tp\nZXECVQZ3b3JrZWRxA3Mu\n','2012-02-05 23:22:34'),
	('7c8cbe407bbaf70fb510fd353192aa20','NzkzYmMwMjg3MDMxYmFkNmM1NTZlOTYxMmVmODJkODI4ZDQyYWFlZjqAAn1xAVUKdGVzdGNvb2tp\nZXECVQZ3b3JrZWRxA3Mu\n','2012-01-13 07:22:10'),
	('7da11745442cc5c0f38d068dcc56bc9c','NzkzYmMwMjg3MDMxYmFkNmM1NTZlOTYxMmVmODJkODI4ZDQyYWFlZjqAAn1xAVUKdGVzdGNvb2tp\nZXECVQZ3b3JrZWRxA3Mu\n','2011-12-30 04:55:38'),
	('7f1bb5acfdddf6f68f9b47fd4dad9bfb','NzkzYmMwMjg3MDMxYmFkNmM1NTZlOTYxMmVmODJkODI4ZDQyYWFlZjqAAn1xAVUKdGVzdGNvb2tp\nZXECVQZ3b3JrZWRxA3Mu\n','2012-02-11 06:31:35'),
	('803bc585f11b9bf30607bff2c7d71789','MGQ2Y2FiNGVlOTQ0OWRlZWJiMjFlMzQ3OTY1YTY1YmNjNzM1NzlmODqAAn1xAShVEl9hdXRoX3Vz\nZXJfYmFja2VuZHECVSlkamFuZ28uY29udHJpYi5hdXRoLmJhY2tlbmRzLk1vZGVsQmFja2VuZHED\nVQ1fYXV0aF91c2VyX2lkcQSKARF1Lg==\n','2012-01-23 14:43:52'),
	('80db52f99bfb1b65e8adcdfe79a110a1','NzkzYmMwMjg3MDMxYmFkNmM1NTZlOTYxMmVmODJkODI4ZDQyYWFlZjqAAn1xAVUKdGVzdGNvb2tp\nZXECVQZ3b3JrZWRxA3Mu\n','2012-01-12 20:19:31'),
	('8175d41b5539ce0b16c0c45abaaed5cc','NzkzYmMwMjg3MDMxYmFkNmM1NTZlOTYxMmVmODJkODI4ZDQyYWFlZjqAAn1xAVUKdGVzdGNvb2tp\nZXECVQZ3b3JrZWRxA3Mu\n','2011-12-23 20:36:04'),
	('819c4314cd945dcc33eab928e6bdef30','NzkzYmMwMjg3MDMxYmFkNmM1NTZlOTYxMmVmODJkODI4ZDQyYWFlZjqAAn1xAVUKdGVzdGNvb2tp\nZXECVQZ3b3JrZWRxA3Mu\n','2012-01-13 02:03:32'),
	('81e5e40df5c1ad51b236075688b6178f','MmUwMjIzN2RhYzAwOGE1NDJjNzc0MjcwY2ZlOGJhNWM4ODE0NGIxYjqAAn1xAShVEl9hdXRoX3Vz\nZXJfYmFja2VuZHECVSlkamFuZ28uY29udHJpYi5hdXRoLmJhY2tlbmRzLk1vZGVsQmFja2VuZHED\nVQ1fYXV0aF91c2VyX2lkcQSKAQ91Lg==\n','2012-02-10 15:58:46'),
	('8213c9d4db314fba7cce55ace3dea518','NzkzYmMwMjg3MDMxYmFkNmM1NTZlOTYxMmVmODJkODI4ZDQyYWFlZjqAAn1xAVUKdGVzdGNvb2tp\nZXECVQZ3b3JrZWRxA3Mu\n','2012-01-13 06:10:03'),
	('8330141fff71d5ab6c40f0b1350e9915','NzkzYmMwMjg3MDMxYmFkNmM1NTZlOTYxMmVmODJkODI4ZDQyYWFlZjqAAn1xAVUKdGVzdGNvb2tp\nZXECVQZ3b3JrZWRxA3Mu\n','2012-01-13 15:38:31'),
	('83c48cd478cbd4ea04f4367f0cf13a73','NzkzYmMwMjg3MDMxYmFkNmM1NTZlOTYxMmVmODJkODI4ZDQyYWFlZjqAAn1xAVUKdGVzdGNvb2tp\nZXECVQZ3b3JrZWRxA3Mu\n','2012-01-12 20:27:11'),
	('8514974a3fa152c3a935cb93f0d79ab9','NzkzYmMwMjg3MDMxYmFkNmM1NTZlOTYxMmVmODJkODI4ZDQyYWFlZjqAAn1xAVUKdGVzdGNvb2tp\nZXECVQZ3b3JrZWRxA3Mu\n','2012-01-12 13:44:23'),
	('85763bc3a66b9aa1e626cf12c289d5d7','NzkzYmMwMjg3MDMxYmFkNmM1NTZlOTYxMmVmODJkODI4ZDQyYWFlZjqAAn1xAVUKdGVzdGNvb2tp\nZXECVQZ3b3JrZWRxA3Mu\n','2012-02-16 08:33:27'),
	('85863e43ac6343bfe0df034fd3de0bbe','NzkzYmMwMjg3MDMxYmFkNmM1NTZlOTYxMmVmODJkODI4ZDQyYWFlZjqAAn1xAVUKdGVzdGNvb2tp\nZXECVQZ3b3JrZWRxA3Mu\n','2012-01-12 20:27:58'),
	('85acbcb1a1b35b5d137ef607c2bb9e50','NzkzYmMwMjg3MDMxYmFkNmM1NTZlOTYxMmVmODJkODI4ZDQyYWFlZjqAAn1xAVUKdGVzdGNvb2tp\nZXECVQZ3b3JrZWRxA3Mu\n','2012-01-13 06:10:23'),
	('85e1c79997d77ee3f87777eb4452a543','NWI3NGY3YzA4ZDViNTUwMWJiY2E1Yzg5ODVlZjI3ZTYzNjU1OWRjNzqAAn1xAVUKdGVzdGNvb2tp\nZVUGd29ya2VkcQJzLg==\n','2012-02-16 09:09:27'),
	('85fab0fdadc2d2f1dfb87acf3c7c2ba2','NzkzYmMwMjg3MDMxYmFkNmM1NTZlOTYxMmVmODJkODI4ZDQyYWFlZjqAAn1xAVUKdGVzdGNvb2tp\nZXECVQZ3b3JrZWRxA3Mu\n','2012-01-20 12:28:01'),
	('863e8878468fcaf0f669b32ee98828d4','NWI3NGY3YzA4ZDViNTUwMWJiY2E1Yzg5ODVlZjI3ZTYzNjU1OWRjNzqAAn1xAVUKdGVzdGNvb2tp\nZVUGd29ya2VkcQJzLg==\n','2012-01-12 20:30:58'),
	('87be4cb0934a40b0ba4420ba14bad3d9','ODU3OGUwYTFlZGE3ZDg1MjE3NGJiZTQxMThmNGU5ZTZkMWM1NTE5NjqAAn1xAShVEl9hdXRoX3Vz\nZXJfYmFja2VuZHECVSlkamFuZ28uY29udHJpYi5hdXRoLmJhY2tlbmRzLk1vZGVsQmFja2VuZHED\nVQ1fYXV0aF91c2VyX2lkcQSKAQR1Lg==\n','2012-02-13 09:40:38'),
	('887cd2555f3e7e83aa196b52ce641f29','NzkzYmMwMjg3MDMxYmFkNmM1NTZlOTYxMmVmODJkODI4ZDQyYWFlZjqAAn1xAVUKdGVzdGNvb2tp\nZXECVQZ3b3JrZWRxA3Mu\n','2012-02-15 21:27:12'),
	('898b9ed65a4901a1d233c7d0a6809215','NzkzYmMwMjg3MDMxYmFkNmM1NTZlOTYxMmVmODJkODI4ZDQyYWFlZjqAAn1xAVUKdGVzdGNvb2tp\nZXECVQZ3b3JrZWRxA3Mu\n','2012-02-16 11:47:36'),
	('89a3ffe390a7d7318c0711d9b77eafcd','NzkzYmMwMjg3MDMxYmFkNmM1NTZlOTYxMmVmODJkODI4ZDQyYWFlZjqAAn1xAVUKdGVzdGNvb2tp\nZXECVQZ3b3JrZWRxA3Mu\n','2012-01-17 21:12:21'),
	('8b080b8dc1eacc3e1d6005fe0d5bac58','NzkzYmMwMjg3MDMxYmFkNmM1NTZlOTYxMmVmODJkODI4ZDQyYWFlZjqAAn1xAVUKdGVzdGNvb2tp\nZXECVQZ3b3JrZWRxA3Mu\n','2012-01-05 19:56:52'),
	('8b61a4aa9f0b0f97a4c9983b69eda1cd','NzkzYmMwMjg3MDMxYmFkNmM1NTZlOTYxMmVmODJkODI4ZDQyYWFlZjqAAn1xAVUKdGVzdGNvb2tp\nZXECVQZ3b3JrZWRxA3Mu\n','2012-01-12 13:53:42'),
	('8cda7dabb4c9c4910fbd43a123911757','NzkzYmMwMjg3MDMxYmFkNmM1NTZlOTYxMmVmODJkODI4ZDQyYWFlZjqAAn1xAVUKdGVzdGNvb2tp\nZXECVQZ3b3JrZWRxA3Mu\n','2012-02-17 23:39:06'),
	('8d0a93ffca48eede5a45f0a8eb523055','NzkzYmMwMjg3MDMxYmFkNmM1NTZlOTYxMmVmODJkODI4ZDQyYWFlZjqAAn1xAVUKdGVzdGNvb2tp\nZXECVQZ3b3JrZWRxA3Mu\n','2012-01-16 14:29:00'),
	('8d4261ef24380d7d1ceca56bab4d2dd3','OGE2ODNmNjc1YzM5YjFjYmI2MzdhYWU4N2E1NzU4OWJkNzgwZmY5ZTqAAn1xAShVEl9hdXRoX3Vz\nZXJfYmFja2VuZHECVSlkamFuZ28uY29udHJpYi5hdXRoLmJhY2tlbmRzLk1vZGVsQmFja2VuZHED\nVQ1fYXV0aF91c2VyX2lkcQSKAQV1Lg==\n','2012-02-02 00:24:04'),
	('8de76c6fa126b0b041b28d9e028b72ff','NzkzYmMwMjg3MDMxYmFkNmM1NTZlOTYxMmVmODJkODI4ZDQyYWFlZjqAAn1xAVUKdGVzdGNvb2tp\nZXECVQZ3b3JrZWRxA3Mu\n','2012-01-17 21:41:54'),
	('8defef0d50e83c3578dd30aef06a6bed','NzkzYmMwMjg3MDMxYmFkNmM1NTZlOTYxMmVmODJkODI4ZDQyYWFlZjqAAn1xAVUKdGVzdGNvb2tp\nZXECVQZ3b3JrZWRxA3Mu\n','2012-01-12 20:25:24'),
	('8e2d02e9274dd66e2ff1676875a1760c','NzkzYmMwMjg3MDMxYmFkNmM1NTZlOTYxMmVmODJkODI4ZDQyYWFlZjqAAn1xAVUKdGVzdGNvb2tp\nZXECVQZ3b3JrZWRxA3Mu\n','2012-01-12 20:27:49'),
	('8e8b1d551b1f711d675061a700f9c0bc','ODU3OGUwYTFlZGE3ZDg1MjE3NGJiZTQxMThmNGU5ZTZkMWM1NTE5NjqAAn1xAShVEl9hdXRoX3Vz\nZXJfYmFja2VuZHECVSlkamFuZ28uY29udHJpYi5hdXRoLmJhY2tlbmRzLk1vZGVsQmFja2VuZHED\nVQ1fYXV0aF91c2VyX2lkcQSKAQR1Lg==\n','2011-12-27 12:52:21'),
	('8e8b28dea73c2792208326ff395de41b','NzkzYmMwMjg3MDMxYmFkNmM1NTZlOTYxMmVmODJkODI4ZDQyYWFlZjqAAn1xAVUKdGVzdGNvb2tp\nZXECVQZ3b3JrZWRxA3Mu\n','2012-02-03 06:07:54'),
	('8f681397207afef2411c4edbb92699ff','NzkzYmMwMjg3MDMxYmFkNmM1NTZlOTYxMmVmODJkODI4ZDQyYWFlZjqAAn1xAVUKdGVzdGNvb2tp\nZXECVQZ3b3JrZWRxA3Mu\n','2012-01-12 20:19:21'),
	('8f69ed82c94ec4e6a9f94d53f607473e','MjhkMjU2OTE2MGEzYzYzOTk4NzU1OGEzMmUwM2NiYTJkNmU0MmNhYzqAAn1xAShVEl9hdXRoX3Vz\nZXJfYmFja2VuZHECVSlkamFuZ28uY29udHJpYi5hdXRoLmJhY2tlbmRzLk1vZGVsQmFja2VuZHED\nVQ1fYXV0aF91c2VyX2lkcQSKAQ51Lg==\n','2012-01-13 07:24:17'),
	('8fb71a9274d0aa70045195b0711d27ab','NzkzYmMwMjg3MDMxYmFkNmM1NTZlOTYxMmVmODJkODI4ZDQyYWFlZjqAAn1xAVUKdGVzdGNvb2tp\nZXECVQZ3b3JrZWRxA3Mu\n','2012-01-12 13:44:35'),
	('8fc81bca279a2054facc0bc97b891fdc','NWI3NGY3YzA4ZDViNTUwMWJiY2E1Yzg5ODVlZjI3ZTYzNjU1OWRjNzqAAn1xAVUKdGVzdGNvb2tp\nZVUGd29ya2VkcQJzLg==\n','2012-01-31 17:00:22'),
	('90e90fdd14c0753fd4b2fd17c72154fa','NzkzYmMwMjg3MDMxYmFkNmM1NTZlOTYxMmVmODJkODI4ZDQyYWFlZjqAAn1xAVUKdGVzdGNvb2tp\nZXECVQZ3b3JrZWRxA3Mu\n','2012-01-12 13:44:24'),
	('90ebb8b1dbc15281f116ed36c67405f6','NzkzYmMwMjg3MDMxYmFkNmM1NTZlOTYxMmVmODJkODI4ZDQyYWFlZjqAAn1xAVUKdGVzdGNvb2tp\nZXECVQZ3b3JrZWRxA3Mu\n','2012-02-05 16:31:44'),
	('9171d7e056031ff3264d90c06400c3a1','NzkzYmMwMjg3MDMxYmFkNmM1NTZlOTYxMmVmODJkODI4ZDQyYWFlZjqAAn1xAVUKdGVzdGNvb2tp\nZXECVQZ3b3JrZWRxA3Mu\n','2012-01-12 14:01:24'),
	('926d1369acf769a1aa75a51adac7197b','ODU3OGUwYTFlZGE3ZDg1MjE3NGJiZTQxMThmNGU5ZTZkMWM1NTE5NjqAAn1xAShVEl9hdXRoX3Vz\nZXJfYmFja2VuZHECVSlkamFuZ28uY29udHJpYi5hdXRoLmJhY2tlbmRzLk1vZGVsQmFja2VuZHED\nVQ1fYXV0aF91c2VyX2lkcQSKAQR1Lg==\n','2012-01-03 11:49:41'),
	('93c4ff9fef0aaad1f57786b7e8bf9626','NzkzYmMwMjg3MDMxYmFkNmM1NTZlOTYxMmVmODJkODI4ZDQyYWFlZjqAAn1xAVUKdGVzdGNvb2tp\nZXECVQZ3b3JrZWRxA3Mu\n','2012-01-17 21:12:22'),
	('94ca169f8954b218cd27f709061ca2f0','NzkzYmMwMjg3MDMxYmFkNmM1NTZlOTYxMmVmODJkODI4ZDQyYWFlZjqAAn1xAVUKdGVzdGNvb2tp\nZXECVQZ3b3JrZWRxA3Mu\n','2012-01-25 21:35:39'),
	('953ee40ed214ecd43df87db736dd633f','ODU3OGUwYTFlZGE3ZDg1MjE3NGJiZTQxMThmNGU5ZTZkMWM1NTE5NjqAAn1xAShVEl9hdXRoX3Vz\nZXJfYmFja2VuZHECVSlkamFuZ28uY29udHJpYi5hdXRoLmJhY2tlbmRzLk1vZGVsQmFja2VuZHED\nVQ1fYXV0aF91c2VyX2lkcQSKAQR1Lg==\n','2012-02-09 10:25:09'),
	('95c4deff65ca94f0be6d5c5986d3b318','NzkzYmMwMjg3MDMxYmFkNmM1NTZlOTYxMmVmODJkODI4ZDQyYWFlZjqAAn1xAVUKdGVzdGNvb2tp\nZXECVQZ3b3JrZWRxA3Mu\n','2012-01-12 20:27:19'),
	('95df4997c1e9973f4aadf38306a75cf9','MTkyMjE0ZWUzNTAwNjU0MmFkODI4YjZlOTUzZjE0OWY4OWQyMTUzMTqAAn1xAShVEl9hdXRoX3Vz\nZXJfYmFja2VuZHECVSlkamFuZ28uY29udHJpYi5hdXRoLmJhY2tlbmRzLk1vZGVsQmFja2VuZHED\nVQ1fYXV0aF91c2VyX2lkcQSKAQp1Lg==\n','2012-01-12 19:43:09'),
	('9615ddc88420f18ac75a3b7489a51eb8','NzkzYmMwMjg3MDMxYmFkNmM1NTZlOTYxMmVmODJkODI4ZDQyYWFlZjqAAn1xAVUKdGVzdGNvb2tp\nZXECVQZ3b3JrZWRxA3Mu\n','2012-02-16 03:24:31'),
	('9665708601b7d3b888d012957ad14683','NzkzYmMwMjg3MDMxYmFkNmM1NTZlOTYxMmVmODJkODI4ZDQyYWFlZjqAAn1xAVUKdGVzdGNvb2tp\nZXECVQZ3b3JrZWRxA3Mu\n','2011-12-14 03:23:52'),
	('967f764e3dc9946b53282911f8c62f5d','ODU3OGUwYTFlZGE3ZDg1MjE3NGJiZTQxMThmNGU5ZTZkMWM1NTE5NjqAAn1xAShVEl9hdXRoX3Vz\nZXJfYmFja2VuZHECVSlkamFuZ28uY29udHJpYi5hdXRoLmJhY2tlbmRzLk1vZGVsQmFja2VuZHED\nVQ1fYXV0aF91c2VyX2lkcQSKAQR1Lg==\n','2012-01-27 15:34:14'),
	('9680c1602c7bfc0f254148d5de8e22ad','NzkzYmMwMjg3MDMxYmFkNmM1NTZlOTYxMmVmODJkODI4ZDQyYWFlZjqAAn1xAVUKdGVzdGNvb2tp\nZXECVQZ3b3JrZWRxA3Mu\n','2012-02-18 16:36:51'),
	('96a76a31833c29fd7b718f29fb250f0d','NzkzYmMwMjg3MDMxYmFkNmM1NTZlOTYxMmVmODJkODI4ZDQyYWFlZjqAAn1xAVUKdGVzdGNvb2tp\nZXECVQZ3b3JrZWRxA3Mu\n','2012-01-12 20:33:18'),
	('980e6dead3ace5db51e228a35f38b1d0','MDkyYzA1YTRkMzI0Yzk0YjJmYTAwNGEyYjM4YTNkYzM3Yjc2YjA5MzqAAn1xAShVEl9hdXRoX3Vz\nZXJfYmFja2VuZHECVSlkamFuZ28uY29udHJpYi5hdXRoLmJhY2tlbmRzLk1vZGVsQmFja2VuZHED\nVQ1fYXV0aF91c2VyX2lkcQSKAQF1Lg==\n','2012-01-25 00:43:24'),
	('9828af24311a2f71c237fbc4634b9678','ODU3OGUwYTFlZGE3ZDg1MjE3NGJiZTQxMThmNGU5ZTZkMWM1NTE5NjqAAn1xAShVEl9hdXRoX3Vz\nZXJfYmFja2VuZHECVSlkamFuZ28uY29udHJpYi5hdXRoLmJhY2tlbmRzLk1vZGVsQmFja2VuZHED\nVQ1fYXV0aF91c2VyX2lkcQSKAQR1Lg==\n','2011-12-29 15:32:46'),
	('983a01763743717c61ba7c0dcf81a762','MjhkMjU2OTE2MGEzYzYzOTk4NzU1OGEzMmUwM2NiYTJkNmU0MmNhYzqAAn1xAShVEl9hdXRoX3Vz\nZXJfYmFja2VuZHECVSlkamFuZ28uY29udHJpYi5hdXRoLmJhY2tlbmRzLk1vZGVsQmFja2VuZHED\nVQ1fYXV0aF91c2VyX2lkcQSKAQ51Lg==\n','2012-01-30 11:20:00'),
	('9a0d43eeee5b010179ddf8f4c05f1fdb','NzkzYmMwMjg3MDMxYmFkNmM1NTZlOTYxMmVmODJkODI4ZDQyYWFlZjqAAn1xAVUKdGVzdGNvb2tp\nZXECVQZ3b3JrZWRxA3Mu\n','2012-02-02 21:33:34'),
	('9a6a7d5653f5ea42d5a1aa3ad3d6e39c','NzkzYmMwMjg3MDMxYmFkNmM1NTZlOTYxMmVmODJkODI4ZDQyYWFlZjqAAn1xAVUKdGVzdGNvb2tp\nZXECVQZ3b3JrZWRxA3Mu\n','2012-01-12 20:20:38'),
	('9be12eaad7ce3b0a77f8711ff6150d55','NzkzYmMwMjg3MDMxYmFkNmM1NTZlOTYxMmVmODJkODI4ZDQyYWFlZjqAAn1xAVUKdGVzdGNvb2tp\nZXECVQZ3b3JrZWRxA3Mu\n','2011-12-21 16:32:04'),
	('9c9fa90aaf98fd85bba5f08b03ea6b6c','NzkzYmMwMjg3MDMxYmFkNmM1NTZlOTYxMmVmODJkODI4ZDQyYWFlZjqAAn1xAVUKdGVzdGNvb2tp\nZXECVQZ3b3JrZWRxA3Mu\n','2012-02-05 16:30:08'),
	('9ca90ea441b09e9329cd998a7e35dd5d','NzkzYmMwMjg3MDMxYmFkNmM1NTZlOTYxMmVmODJkODI4ZDQyYWFlZjqAAn1xAVUKdGVzdGNvb2tp\nZXECVQZ3b3JrZWRxA3Mu\n','2012-01-13 01:34:28'),
	('9d5a889ea565a471dc258a0f836ecf9d','ZWUxNGFiZGVhZWMzODM0YjdlZDdiODJjMmIyNGRlYzY0Y2EwYjdjYTqAAn1xAShVEl9hdXRoX3Vz\nZXJfYmFja2VuZHECVSlkamFuZ28uY29udHJpYi5hdXRoLmJhY2tlbmRzLk1vZGVsQmFja2VuZHED\nVQ1fYXV0aF91c2VyX2lkcQSKARB1Lg==\n','2012-02-01 17:36:18'),
	('9db5ffd4657349b7076f425411782c39','NzkzYmMwMjg3MDMxYmFkNmM1NTZlOTYxMmVmODJkODI4ZDQyYWFlZjqAAn1xAVUKdGVzdGNvb2tp\nZXECVQZ3b3JrZWRxA3Mu\n','2012-02-17 02:04:00'),
	('9dc374f8ece9988fdc91336954e9f0d2','NzkzYmMwMjg3MDMxYmFkNmM1NTZlOTYxMmVmODJkODI4ZDQyYWFlZjqAAn1xAVUKdGVzdGNvb2tp\nZXECVQZ3b3JrZWRxA3Mu\n','2012-01-12 20:26:06'),
	('9e229908d03c590b7e6e7f8a7a827b2e','MDkyYzA1YTRkMzI0Yzk0YjJmYTAwNGEyYjM4YTNkYzM3Yjc2YjA5MzqAAn1xAShVEl9hdXRoX3Vz\nZXJfYmFja2VuZHECVSlkamFuZ28uY29udHJpYi5hdXRoLmJhY2tlbmRzLk1vZGVsQmFja2VuZHED\nVQ1fYXV0aF91c2VyX2lkcQSKAQF1Lg==\n','2011-12-24 15:56:05'),
	('9e4d6f399432ac41a5aca8154aa59587','NTA5MzlmMzVhOGY0NWMwMDBlMDVlYjAwNWIxMDU1MWE4YTc5ZjU0OTqAAn1xAShVEl9hdXRoX3Vz\nZXJfYmFja2VuZHECVSlkamFuZ28uY29udHJpYi5hdXRoLmJhY2tlbmRzLk1vZGVsQmFja2VuZHED\nVQ1fYXV0aF91c2VyX2lkcQSKAQh1Lg==\n','2012-01-30 14:21:51'),
	('9e58b11265b12a68b3724c241e357d08','NzkzYmMwMjg3MDMxYmFkNmM1NTZlOTYxMmVmODJkODI4ZDQyYWFlZjqAAn1xAVUKdGVzdGNvb2tp\nZXECVQZ3b3JrZWRxA3Mu\n','2012-01-22 02:06:20'),
	('9e8687d48d7cc93b504519a8d0f0fea7','NzkzYmMwMjg3MDMxYmFkNmM1NTZlOTYxMmVmODJkODI4ZDQyYWFlZjqAAn1xAVUKdGVzdGNvb2tp\nZXECVQZ3b3JrZWRxA3Mu\n','2012-02-15 21:22:09'),
	('9ecc5c4b7c9005e60d5143b4a1d777b7','NzkzYmMwMjg3MDMxYmFkNmM1NTZlOTYxMmVmODJkODI4ZDQyYWFlZjqAAn1xAVUKdGVzdGNvb2tp\nZXECVQZ3b3JrZWRxA3Mu\n','2012-01-12 20:30:38'),
	('9f58576615a393fb3ad29078c3fd09e9','NzkzYmMwMjg3MDMxYmFkNmM1NTZlOTYxMmVmODJkODI4ZDQyYWFlZjqAAn1xAVUKdGVzdGNvb2tp\nZXECVQZ3b3JrZWRxA3Mu\n','2012-01-12 20:18:32'),
	('9fb667f12b4cdc1631283005b974e848','NzkzYmMwMjg3MDMxYmFkNmM1NTZlOTYxMmVmODJkODI4ZDQyYWFlZjqAAn1xAVUKdGVzdGNvb2tp\nZXECVQZ3b3JrZWRxA3Mu\n','2012-01-12 20:30:48'),
	('a01ff8650812634b084f9b3fcef6681f','NzkzYmMwMjg3MDMxYmFkNmM1NTZlOTYxMmVmODJkODI4ZDQyYWFlZjqAAn1xAVUKdGVzdGNvb2tp\nZXECVQZ3b3JrZWRxA3Mu\n','2012-01-12 16:27:30'),
	('a097111efbff653c92b3bc694a3fca44','NzkzYmMwMjg3MDMxYmFkNmM1NTZlOTYxMmVmODJkODI4ZDQyYWFlZjqAAn1xAVUKdGVzdGNvb2tp\nZXECVQZ3b3JrZWRxA3Mu\n','2012-02-09 05:01:38'),
	('a0bd67bc60153807f2d3f1ae68742cc8','NzkzYmMwMjg3MDMxYmFkNmM1NTZlOTYxMmVmODJkODI4ZDQyYWFlZjqAAn1xAVUKdGVzdGNvb2tp\nZXECVQZ3b3JrZWRxA3Mu\n','2012-01-12 13:44:27'),
	('a0e2f258c22625e61ce2f0ba4d8f5b90','NzkzYmMwMjg3MDMxYmFkNmM1NTZlOTYxMmVmODJkODI4ZDQyYWFlZjqAAn1xAVUKdGVzdGNvb2tp\nZXECVQZ3b3JrZWRxA3Mu\n','2012-02-15 21:17:42'),
	('a1a2f1e491443f389d1f26b4958f76c3','MjhkMjU2OTE2MGEzYzYzOTk4NzU1OGEzMmUwM2NiYTJkNmU0MmNhYzqAAn1xAShVEl9hdXRoX3Vz\nZXJfYmFja2VuZHECVSlkamFuZ28uY29udHJpYi5hdXRoLmJhY2tlbmRzLk1vZGVsQmFja2VuZHED\nVQ1fYXV0aF91c2VyX2lkcQSKAQ51Lg==\n','2012-02-07 08:33:09'),
	('a352324673a5cbfedebe3d244accefb8','NzkzYmMwMjg3MDMxYmFkNmM1NTZlOTYxMmVmODJkODI4ZDQyYWFlZjqAAn1xAVUKdGVzdGNvb2tp\nZXECVQZ3b3JrZWRxA3Mu\n','2012-01-13 00:34:48'),
	('a3f92b510a2d3ee144afb669cf9cda72','ODU3OGUwYTFlZGE3ZDg1MjE3NGJiZTQxMThmNGU5ZTZkMWM1NTE5NjqAAn1xAShVEl9hdXRoX3Vz\nZXJfYmFja2VuZHECVSlkamFuZ28uY29udHJpYi5hdXRoLmJhY2tlbmRzLk1vZGVsQmFja2VuZHED\nVQ1fYXV0aF91c2VyX2lkcQSKAQR1Lg==\n','2012-01-23 14:58:18'),
	('a4ef52e3644c70e0002aa357cbdf80df','NzkzYmMwMjg3MDMxYmFkNmM1NTZlOTYxMmVmODJkODI4ZDQyYWFlZjqAAn1xAVUKdGVzdGNvb2tp\nZXECVQZ3b3JrZWRxA3Mu\n','2012-01-14 01:18:29'),
	('a55b84f28d86a0d8798118d83e52afeb','NzkzYmMwMjg3MDMxYmFkNmM1NTZlOTYxMmVmODJkODI4ZDQyYWFlZjqAAn1xAVUKdGVzdGNvb2tp\nZXECVQZ3b3JrZWRxA3Mu\n','2012-01-07 02:12:27'),
	('a5e5e4251f0efe646f1bf7889dbfb6b1','NzkzYmMwMjg3MDMxYmFkNmM1NTZlOTYxMmVmODJkODI4ZDQyYWFlZjqAAn1xAVUKdGVzdGNvb2tp\nZXECVQZ3b3JrZWRxA3Mu\n','2012-02-12 05:29:34'),
	('a60eb39adb7463cdd597e7b9bae117b2','ZjVlODdiMGViOTYwNTg5YzA5YTc5MmY1NTIwYTNlZjg5NjIxNmRlMDqAAn1xAShVEl9hdXRoX3Vz\nZXJfYmFja2VuZHECVSlkamFuZ28uY29udHJpYi5hdXRoLmJhY2tlbmRzLk1vZGVsQmFja2VuZHED\nVQ1fYXV0aF91c2VyX2lkcQSKAQx1Lg==\n','2012-01-13 09:11:02'),
	('a639ebbe62093e9e3ee990d7cebfa3dc','MjhkMjU2OTE2MGEzYzYzOTk4NzU1OGEzMmUwM2NiYTJkNmU0MmNhYzqAAn1xAShVEl9hdXRoX3Vz\nZXJfYmFja2VuZHECVSlkamFuZ28uY29udHJpYi5hdXRoLmJhY2tlbmRzLk1vZGVsQmFja2VuZHED\nVQ1fYXV0aF91c2VyX2lkcQSKAQ51Lg==\n','2012-01-13 08:36:07'),
	('a6757314b9d84428ad115c5a4bc348fa','NzkzYmMwMjg3MDMxYmFkNmM1NTZlOTYxMmVmODJkODI4ZDQyYWFlZjqAAn1xAVUKdGVzdGNvb2tp\nZXECVQZ3b3JrZWRxA3Mu\n','2012-01-14 17:33:05'),
	('a6bbc3b8f9f4f7c378594429dd904b4a','NzkzYmMwMjg3MDMxYmFkNmM1NTZlOTYxMmVmODJkODI4ZDQyYWFlZjqAAn1xAVUKdGVzdGNvb2tp\nZXECVQZ3b3JrZWRxA3Mu\n','2012-01-12 22:33:15'),
	('a6e1c456ee6393086ce25ce822ae9baa','NWI3NGY3YzA4ZDViNTUwMWJiY2E1Yzg5ODVlZjI3ZTYzNjU1OWRjNzqAAn1xAVUKdGVzdGNvb2tp\nZVUGd29ya2VkcQJzLg==\n','2012-02-15 21:18:22'),
	('a85cf65cffcdb07c746358be5edeeb9b','NzkzYmMwMjg3MDMxYmFkNmM1NTZlOTYxMmVmODJkODI4ZDQyYWFlZjqAAn1xAVUKdGVzdGNvb2tp\nZXECVQZ3b3JrZWRxA3Mu\n','2012-02-08 20:43:20'),
	('a8dc3357b369c4d6938b33734e70c2e9','NzkzYmMwMjg3MDMxYmFkNmM1NTZlOTYxMmVmODJkODI4ZDQyYWFlZjqAAn1xAVUKdGVzdGNvb2tp\nZXECVQZ3b3JrZWRxA3Mu\n','2012-01-13 02:15:51'),
	('a90085f2e9b65310f19986bef2b55530','NzkzYmMwMjg3MDMxYmFkNmM1NTZlOTYxMmVmODJkODI4ZDQyYWFlZjqAAn1xAVUKdGVzdGNvb2tp\nZXECVQZ3b3JrZWRxA3Mu\n','2012-01-17 07:11:25'),
	('a929dfbf8dd6a7099cad0fd21dba9a98','MWIzZWE3ZjY1NjYwNWQ4ODIwZTcyMGViNzQ4NWFlMTYxNTQ3OGM0YTqAAn1xAShVEl9hdXRoX3Vz\nZXJfYmFja2VuZHECVSlkamFuZ28uY29udHJpYi5hdXRoLmJhY2tlbmRzLk1vZGVsQmFja2VuZHED\nVQ1fYXV0aF91c2VyX2lkcQSKARZ1Lg==\n','2012-02-03 14:14:16'),
	('a93c3166fe467a919e9dabcb0fa0bbe5','NzkzYmMwMjg3MDMxYmFkNmM1NTZlOTYxMmVmODJkODI4ZDQyYWFlZjqAAn1xAVUKdGVzdGNvb2tp\nZXECVQZ3b3JrZWRxA3Mu\n','2012-01-18 15:37:17'),
	('a97f04692b715434df4ec91c25554754','NzkzYmMwMjg3MDMxYmFkNmM1NTZlOTYxMmVmODJkODI4ZDQyYWFlZjqAAn1xAVUKdGVzdGNvb2tp\nZXECVQZ3b3JrZWRxA3Mu\n','2012-01-12 20:57:18'),
	('a9dd82da9afce23274c4e28a504f5b6c','ODU3OGUwYTFlZGE3ZDg1MjE3NGJiZTQxMThmNGU5ZTZkMWM1NTE5NjqAAn1xAShVEl9hdXRoX3Vz\nZXJfYmFja2VuZHECVSlkamFuZ28uY29udHJpYi5hdXRoLmJhY2tlbmRzLk1vZGVsQmFja2VuZHED\nVQ1fYXV0aF91c2VyX2lkcQSKAQR1Lg==\n','2012-01-24 12:26:12'),
	('aa434f536472448a9b7e8b8b7ee2345d','NzkzYmMwMjg3MDMxYmFkNmM1NTZlOTYxMmVmODJkODI4ZDQyYWFlZjqAAn1xAVUKdGVzdGNvb2tp\nZXECVQZ3b3JrZWRxA3Mu\n','2012-01-12 19:05:58'),
	('aa7c43e59756aab471a29c2e2e7049ff','ODU3OGUwYTFlZGE3ZDg1MjE3NGJiZTQxMThmNGU5ZTZkMWM1NTE5NjqAAn1xAShVEl9hdXRoX3Vz\nZXJfYmFja2VuZHECVSlkamFuZ28uY29udHJpYi5hdXRoLmJhY2tlbmRzLk1vZGVsQmFja2VuZHED\nVQ1fYXV0aF91c2VyX2lkcQSKAQR1Lg==\n','2012-02-15 12:08:59'),
	('aaab293fcd205888d67e56f6819717e8','NWI3NGY3YzA4ZDViNTUwMWJiY2E1Yzg5ODVlZjI3ZTYzNjU1OWRjNzqAAn1xAVUKdGVzdGNvb2tp\nZVUGd29ya2VkcQJzLg==\n','2012-01-07 19:24:07'),
	('aadf607770c017ae909e5c2ce7687682','NzkzYmMwMjg3MDMxYmFkNmM1NTZlOTYxMmVmODJkODI4ZDQyYWFlZjqAAn1xAVUKdGVzdGNvb2tp\nZXECVQZ3b3JrZWRxA3Mu\n','2012-02-05 16:28:50'),
	('ab868244be16276bd4bb2162d2a60280','NzkzYmMwMjg3MDMxYmFkNmM1NTZlOTYxMmVmODJkODI4ZDQyYWFlZjqAAn1xAVUKdGVzdGNvb2tp\nZXECVQZ3b3JrZWRxA3Mu\n','2011-12-29 08:47:23'),
	('ab9147ad28b2874efb45aa6068d32666','NzkzYmMwMjg3MDMxYmFkNmM1NTZlOTYxMmVmODJkODI4ZDQyYWFlZjqAAn1xAVUKdGVzdGNvb2tp\nZXECVQZ3b3JrZWRxA3Mu\n','2012-01-15 01:49:11'),
	('ab972abfbfac1046bd6a8562433777cf','NzkzYmMwMjg3MDMxYmFkNmM1NTZlOTYxMmVmODJkODI4ZDQyYWFlZjqAAn1xAVUKdGVzdGNvb2tp\nZXECVQZ3b3JrZWRxA3Mu\n','2012-02-10 04:48:27'),
	('ac4fbfd150600938f125754847f1a57b','NzkzYmMwMjg3MDMxYmFkNmM1NTZlOTYxMmVmODJkODI4ZDQyYWFlZjqAAn1xAVUKdGVzdGNvb2tp\nZXECVQZ3b3JrZWRxA3Mu\n','2012-01-13 11:07:20'),
	('aced4d7cb0b2df0eaff0abe8b4aa00ca','NzkzYmMwMjg3MDMxYmFkNmM1NTZlOTYxMmVmODJkODI4ZDQyYWFlZjqAAn1xAVUKdGVzdGNvb2tp\nZXECVQZ3b3JrZWRxA3Mu\n','2012-02-10 01:45:25'),
	('ad73738385d7cdccf82a66d20ba2ddc3','ODU3OGUwYTFlZGE3ZDg1MjE3NGJiZTQxMThmNGU5ZTZkMWM1NTE5NjqAAn1xAShVEl9hdXRoX3Vz\nZXJfYmFja2VuZHECVSlkamFuZ28uY29udHJpYi5hdXRoLmJhY2tlbmRzLk1vZGVsQmFja2VuZHED\nVQ1fYXV0aF91c2VyX2lkcQSKAQR1Lg==\n','2012-02-08 19:05:37'),
	('addf2f9d4b780928bd0c93fbdc8c6a24','NzkzYmMwMjg3MDMxYmFkNmM1NTZlOTYxMmVmODJkODI4ZDQyYWFlZjqAAn1xAVUKdGVzdGNvb2tp\nZXECVQZ3b3JrZWRxA3Mu\n','2012-01-12 20:25:10'),
	('ae1b3e7b407a099029a839b3458e8c48','MDkyYzA1YTRkMzI0Yzk0YjJmYTAwNGEyYjM4YTNkYzM3Yjc2YjA5MzqAAn1xAShVEl9hdXRoX3Vz\nZXJfYmFja2VuZHECVSlkamFuZ28uY29udHJpYi5hdXRoLmJhY2tlbmRzLk1vZGVsQmFja2VuZHED\nVQ1fYXV0aF91c2VyX2lkcQSKAQF1Lg==\n','2012-02-22 23:29:36'),
	('aeaa1453b369db04515ba94620b19e3c','NzkzYmMwMjg3MDMxYmFkNmM1NTZlOTYxMmVmODJkODI4ZDQyYWFlZjqAAn1xAVUKdGVzdGNvb2tp\nZXECVQZ3b3JrZWRxA3Mu\n','2012-01-12 20:58:25'),
	('aeeafe04dbbb9e72b1b92e6140c4997a','NzkzYmMwMjg3MDMxYmFkNmM1NTZlOTYxMmVmODJkODI4ZDQyYWFlZjqAAn1xAVUKdGVzdGNvb2tp\nZXECVQZ3b3JrZWRxA3Mu\n','2012-02-16 08:40:35'),
	('af69ba11c0e24b9a7bd7361816080599','NzkzYmMwMjg3MDMxYmFkNmM1NTZlOTYxMmVmODJkODI4ZDQyYWFlZjqAAn1xAVUKdGVzdGNvb2tp\nZXECVQZ3b3JrZWRxA3Mu\n','2012-01-12 20:36:09'),
	('afeedd82f49deb2cd68e1b041af7d5ea','ODU3OGUwYTFlZGE3ZDg1MjE3NGJiZTQxMThmNGU5ZTZkMWM1NTE5NjqAAn1xAShVEl9hdXRoX3Vz\nZXJfYmFja2VuZHECVSlkamFuZ28uY29udHJpYi5hdXRoLmJhY2tlbmRzLk1vZGVsQmFja2VuZHED\nVQ1fYXV0aF91c2VyX2lkcQSKAQR1Lg==\n','2012-01-06 12:47:29'),
	('b1f5ef76031a853fea88380534de9724','NWI3NGY3YzA4ZDViNTUwMWJiY2E1Yzg5ODVlZjI3ZTYzNjU1OWRjNzqAAn1xAVUKdGVzdGNvb2tp\nZVUGd29ya2VkcQJzLg==\n','2012-01-13 03:06:23'),
	('b27563683bbc669f1a89dc0ce7224be0','NzkzYmMwMjg3MDMxYmFkNmM1NTZlOTYxMmVmODJkODI4ZDQyYWFlZjqAAn1xAVUKdGVzdGNvb2tp\nZXECVQZ3b3JrZWRxA3Mu\n','2012-02-15 21:07:34'),
	('b2b7a85efe571ef2ab97f1e93a291b01','NzkzYmMwMjg3MDMxYmFkNmM1NTZlOTYxMmVmODJkODI4ZDQyYWFlZjqAAn1xAVUKdGVzdGNvb2tp\nZXECVQZ3b3JrZWRxA3Mu\n','2012-01-13 03:52:34'),
	('b2ffa0e1147e48b8253e1bc25a579f99','NzkzYmMwMjg3MDMxYmFkNmM1NTZlOTYxMmVmODJkODI4ZDQyYWFlZjqAAn1xAVUKdGVzdGNvb2tp\nZXECVQZ3b3JrZWRxA3Mu\n','2012-02-15 21:07:34'),
	('b5997c335def6d10862dccb898a55513','ODU3OGUwYTFlZGE3ZDg1MjE3NGJiZTQxMThmNGU5ZTZkMWM1NTE5NjqAAn1xAShVEl9hdXRoX3Vz\nZXJfYmFja2VuZHECVSlkamFuZ28uY29udHJpYi5hdXRoLmJhY2tlbmRzLk1vZGVsQmFja2VuZHED\nVQ1fYXV0aF91c2VyX2lkcQSKAQR1Lg==\n','2012-01-29 21:08:47'),
	('b5bd14bb3a64ea07a1c7f5c9db3d0635','NWI3NGY3YzA4ZDViNTUwMWJiY2E1Yzg5ODVlZjI3ZTYzNjU1OWRjNzqAAn1xAVUKdGVzdGNvb2tp\nZVUGd29ya2VkcQJzLg==\n','2012-01-13 13:15:12'),
	('b5c4d46267a51be6a0f9c6bbd4a82e30','NzkzYmMwMjg3MDMxYmFkNmM1NTZlOTYxMmVmODJkODI4ZDQyYWFlZjqAAn1xAVUKdGVzdGNvb2tp\nZXECVQZ3b3JrZWRxA3Mu\n','2012-01-07 19:02:35'),
	('b616917ff719006a6597dca2a297fdac','NzkzYmMwMjg3MDMxYmFkNmM1NTZlOTYxMmVmODJkODI4ZDQyYWFlZjqAAn1xAVUKdGVzdGNvb2tp\nZXECVQZ3b3JrZWRxA3Mu\n','2012-01-13 06:42:45'),
	('b6dab5ca042871ae3128d13220a12d2a','NzkzYmMwMjg3MDMxYmFkNmM1NTZlOTYxMmVmODJkODI4ZDQyYWFlZjqAAn1xAVUKdGVzdGNvb2tp\nZXECVQZ3b3JrZWRxA3Mu\n','2012-01-12 20:35:09'),
	('b6dc50fac0677c5b335f5ca32d6a0ff1','NzkzYmMwMjg3MDMxYmFkNmM1NTZlOTYxMmVmODJkODI4ZDQyYWFlZjqAAn1xAVUKdGVzdGNvb2tp\nZXECVQZ3b3JrZWRxA3Mu\n','2012-01-16 20:58:06'),
	('b7220e420334b4dc1a8a4440709c2749','NzkzYmMwMjg3MDMxYmFkNmM1NTZlOTYxMmVmODJkODI4ZDQyYWFlZjqAAn1xAVUKdGVzdGNvb2tp\nZXECVQZ3b3JrZWRxA3Mu\n','2012-01-13 07:26:04'),
	('b73e06e1b57bb66c3a7f7ef51ce136bd','NzkzYmMwMjg3MDMxYmFkNmM1NTZlOTYxMmVmODJkODI4ZDQyYWFlZjqAAn1xAVUKdGVzdGNvb2tp\nZXECVQZ3b3JrZWRxA3Mu\n','2012-02-05 16:29:29'),
	('b76f1aa0c57d81f484036d1c1cf7b122','NzkzYmMwMjg3MDMxYmFkNmM1NTZlOTYxMmVmODJkODI4ZDQyYWFlZjqAAn1xAVUKdGVzdGNvb2tp\nZXECVQZ3b3JrZWRxA3Mu\n','2012-02-15 21:44:11'),
	('b7a5d77286436835354e1c03f0a629d1','NzkzYmMwMjg3MDMxYmFkNmM1NTZlOTYxMmVmODJkODI4ZDQyYWFlZjqAAn1xAVUKdGVzdGNvb2tp\nZXECVQZ3b3JrZWRxA3Mu\n','2011-12-17 07:28:46'),
	('b7d56e4cd156edc8925a6d86e340f6fc','NzkzYmMwMjg3MDMxYmFkNmM1NTZlOTYxMmVmODJkODI4ZDQyYWFlZjqAAn1xAVUKdGVzdGNvb2tp\nZXECVQZ3b3JrZWRxA3Mu\n','2012-01-12 20:18:32'),
	('b7f6099784d2674e56c834f2f6d47733','NzkzYmMwMjg3MDMxYmFkNmM1NTZlOTYxMmVmODJkODI4ZDQyYWFlZjqAAn1xAVUKdGVzdGNvb2tp\nZXECVQZ3b3JrZWRxA3Mu\n','2012-01-13 05:57:31'),
	('b80f70826ae220b0d72c32ea92576c87','NzkzYmMwMjg3MDMxYmFkNmM1NTZlOTYxMmVmODJkODI4ZDQyYWFlZjqAAn1xAVUKdGVzdGNvb2tp\nZXECVQZ3b3JrZWRxA3Mu\n','2012-01-12 15:34:24'),
	('b843a3414c3086f7987e07409e96a8a1','NzkzYmMwMjg3MDMxYmFkNmM1NTZlOTYxMmVmODJkODI4ZDQyYWFlZjqAAn1xAVUKdGVzdGNvb2tp\nZXECVQZ3b3JrZWRxA3Mu\n','2012-02-02 00:31:23'),
	('b8553ce6efbead33814142b8e3ff66b9','NzkzYmMwMjg3MDMxYmFkNmM1NTZlOTYxMmVmODJkODI4ZDQyYWFlZjqAAn1xAVUKdGVzdGNvb2tp\nZXECVQZ3b3JrZWRxA3Mu\n','2012-01-12 14:02:16'),
	('b8df2610e47b5d53654f637f7bfcbe67','NzkzYmMwMjg3MDMxYmFkNmM1NTZlOTYxMmVmODJkODI4ZDQyYWFlZjqAAn1xAVUKdGVzdGNvb2tp\nZXECVQZ3b3JrZWRxA3Mu\n','2012-01-13 04:34:10'),
	('b917fd85d5c596add1030d33e8fba653','NzkzYmMwMjg3MDMxYmFkNmM1NTZlOTYxMmVmODJkODI4ZDQyYWFlZjqAAn1xAVUKdGVzdGNvb2tp\nZXECVQZ3b3JrZWRxA3Mu\n','2012-02-02 00:31:24'),
	('b94e1d93db1645dcef0b5dd9ce86a44b','NzkzYmMwMjg3MDMxYmFkNmM1NTZlOTYxMmVmODJkODI4ZDQyYWFlZjqAAn1xAVUKdGVzdGNvb2tp\nZXECVQZ3b3JrZWRxA3Mu\n','2012-02-05 16:30:52'),
	('b9c6103abb717bdf853f3da41b17eba4','NzkzYmMwMjg3MDMxYmFkNmM1NTZlOTYxMmVmODJkODI4ZDQyYWFlZjqAAn1xAVUKdGVzdGNvb2tp\nZXECVQZ3b3JrZWRxA3Mu\n','2012-01-12 19:20:52'),
	('b9f8870b52e950a3d0846fad587f727b','MjhkMjU2OTE2MGEzYzYzOTk4NzU1OGEzMmUwM2NiYTJkNmU0MmNhYzqAAn1xAShVEl9hdXRoX3Vz\nZXJfYmFja2VuZHECVSlkamFuZ28uY29udHJpYi5hdXRoLmJhY2tlbmRzLk1vZGVsQmFja2VuZHED\nVQ1fYXV0aF91c2VyX2lkcQSKAQ51Lg==\n','2012-02-02 08:20:07'),
	('ba1d292bf1f2c103a961c3fbe077cb64','ODU3OGUwYTFlZGE3ZDg1MjE3NGJiZTQxMThmNGU5ZTZkMWM1NTE5NjqAAn1xAShVEl9hdXRoX3Vz\nZXJfYmFja2VuZHECVSlkamFuZ28uY29udHJpYi5hdXRoLmJhY2tlbmRzLk1vZGVsQmFja2VuZHED\nVQ1fYXV0aF91c2VyX2lkcQSKAQR1Lg==\n','2011-12-27 20:09:59'),
	('bb3ad227728b3acbe28f20e56cedd2f0','Mzc2ZWZkOGE4YWJjNjY3MDU0MjE0ZjdlMzFlYTBmZjAwOTM1ZGFmZTqAAn1xAShVEl9hdXRoX3Vz\nZXJfYmFja2VuZHECVSlkamFuZ28uY29udHJpYi5hdXRoLmJhY2tlbmRzLk1vZGVsQmFja2VuZHED\nVQ1fYXV0aF91c2VyX2lkcQSKAQJ1Lg==\n','2011-12-28 17:57:59'),
	('bb57956d130e2b8e9b8776286fb2c420','NzkzYmMwMjg3MDMxYmFkNmM1NTZlOTYxMmVmODJkODI4ZDQyYWFlZjqAAn1xAVUKdGVzdGNvb2tp\nZXECVQZ3b3JrZWRxA3Mu\n','2012-01-12 22:56:39'),
	('bb82af634b2febadc205e85bd7c1f75a','NzkzYmMwMjg3MDMxYmFkNmM1NTZlOTYxMmVmODJkODI4ZDQyYWFlZjqAAn1xAVUKdGVzdGNvb2tp\nZXECVQZ3b3JrZWRxA3Mu\n','2012-01-13 02:41:19'),
	('bc6c99ce46114953a539740d3a818037','NzkzYmMwMjg3MDMxYmFkNmM1NTZlOTYxMmVmODJkODI4ZDQyYWFlZjqAAn1xAVUKdGVzdGNvb2tp\nZXECVQZ3b3JrZWRxA3Mu\n','2012-01-12 20:39:13'),
	('bd2cd1eaa88dc8d8df958f34c48ba2df','NWI3NGY3YzA4ZDViNTUwMWJiY2E1Yzg5ODVlZjI3ZTYzNjU1OWRjNzqAAn1xAVUKdGVzdGNvb2tp\nZVUGd29ya2VkcQJzLg==\n','2012-01-13 06:05:26'),
	('bd8fd3b0e661d11c8cedf627511f576d','ZWUxNGFiZGVhZWMzODM0YjdlZDdiODJjMmIyNGRlYzY0Y2EwYjdjYTqAAn1xAShVEl9hdXRoX3Vz\nZXJfYmFja2VuZHECVSlkamFuZ28uY29udHJpYi5hdXRoLmJhY2tlbmRzLk1vZGVsQmFja2VuZHED\nVQ1fYXV0aF91c2VyX2lkcQSKARB1Lg==\n','2012-01-12 22:30:30'),
	('bdb08fe4c751b990446b953f6cbe43e7','NzkzYmMwMjg3MDMxYmFkNmM1NTZlOTYxMmVmODJkODI4ZDQyYWFlZjqAAn1xAVUKdGVzdGNvb2tp\nZXECVQZ3b3JrZWRxA3Mu\n','2012-01-13 14:10:26'),
	('bdba394f535111a937c8fc857e21328e','NzkzYmMwMjg3MDMxYmFkNmM1NTZlOTYxMmVmODJkODI4ZDQyYWFlZjqAAn1xAVUKdGVzdGNvb2tp\nZXECVQZ3b3JrZWRxA3Mu\n','2012-01-12 20:18:32'),
	('bdd1478c3a94b442cbd3fef66ca63166','NzkzYmMwMjg3MDMxYmFkNmM1NTZlOTYxMmVmODJkODI4ZDQyYWFlZjqAAn1xAVUKdGVzdGNvb2tp\nZXECVQZ3b3JrZWRxA3Mu\n','2012-01-23 15:16:57'),
	('be8b7a68fb84bd203889e1e386ba4fc5','NzkzYmMwMjg3MDMxYmFkNmM1NTZlOTYxMmVmODJkODI4ZDQyYWFlZjqAAn1xAVUKdGVzdGNvb2tp\nZXECVQZ3b3JrZWRxA3Mu\n','2012-01-12 20:24:43'),
	('bee5c927a01cf42b50a250477a400623','NzkzYmMwMjg3MDMxYmFkNmM1NTZlOTYxMmVmODJkODI4ZDQyYWFlZjqAAn1xAVUKdGVzdGNvb2tp\nZXECVQZ3b3JrZWRxA3Mu\n','2012-01-12 23:47:30'),
	('beeabf522a336b974ab72c190adff5ac','NzkzYmMwMjg3MDMxYmFkNmM1NTZlOTYxMmVmODJkODI4ZDQyYWFlZjqAAn1xAVUKdGVzdGNvb2tp\nZXECVQZ3b3JrZWRxA3Mu\n','2012-02-15 23:30:00'),
	('bf041d104e087737399d51a7f7c4add2','NzkzYmMwMjg3MDMxYmFkNmM1NTZlOTYxMmVmODJkODI4ZDQyYWFlZjqAAn1xAVUKdGVzdGNvb2tp\nZXECVQZ3b3JrZWRxA3Mu\n','2012-01-12 14:02:52'),
	('bf519bdfc63b431b62e44931d3e2a7bb','NzkzYmMwMjg3MDMxYmFkNmM1NTZlOTYxMmVmODJkODI4ZDQyYWFlZjqAAn1xAVUKdGVzdGNvb2tp\nZXECVQZ3b3JrZWRxA3Mu\n','2012-01-12 20:19:56'),
	('bff452cd180a9072a171f14aa7d0674c','NzkzYmMwMjg3MDMxYmFkNmM1NTZlOTYxMmVmODJkODI4ZDQyYWFlZjqAAn1xAVUKdGVzdGNvb2tp\nZXECVQZ3b3JrZWRxA3Mu\n','2012-01-12 22:33:14'),
	('c04b8c38b9b3d926b065651410facc9b','NzkzYmMwMjg3MDMxYmFkNmM1NTZlOTYxMmVmODJkODI4ZDQyYWFlZjqAAn1xAVUKdGVzdGNvb2tp\nZXECVQZ3b3JrZWRxA3Mu\n','2012-01-12 20:18:59'),
	('c04d0374e7401216be3ab272c81738f6','MTY1NzU0ODc2MjY3NjljYzkzYTZhOTc4YzlkNmUwMDZmYmVmZWJhOTqAAn1xAShVEl9hdXRoX3Vz\nZXJfYmFja2VuZHECVSlkamFuZ28uY29udHJpYi5hdXRoLmJhY2tlbmRzLk1vZGVsQmFja2VuZHED\nVQ1fYXV0aF91c2VyX2lkcQSKARR1Lg==\n','2012-02-15 14:35:21'),
	('c108bd4411f18f0a5197d463bae75f1d','NzkzYmMwMjg3MDMxYmFkNmM1NTZlOTYxMmVmODJkODI4ZDQyYWFlZjqAAn1xAVUKdGVzdGNvb2tp\nZXECVQZ3b3JrZWRxA3Mu\n','2012-01-12 20:48:49'),
	('c1685b9c5edef84868c94f7eb7419cd0','MmUwMjIzN2RhYzAwOGE1NDJjNzc0MjcwY2ZlOGJhNWM4ODE0NGIxYjqAAn1xAShVEl9hdXRoX3Vz\nZXJfYmFja2VuZHECVSlkamFuZ28uY29udHJpYi5hdXRoLmJhY2tlbmRzLk1vZGVsQmFja2VuZHED\nVQ1fYXV0aF91c2VyX2lkcQSKAQ91Lg==\n','2012-01-12 20:07:53'),
	('c19a7173e470642131aef809f920cf81','NzkzYmMwMjg3MDMxYmFkNmM1NTZlOTYxMmVmODJkODI4ZDQyYWFlZjqAAn1xAVUKdGVzdGNvb2tp\nZXECVQZ3b3JrZWRxA3Mu\n','2012-01-29 19:00:35'),
	('c2543c9e6a6e2f6f3c566b488f8ca32f','NzkzYmMwMjg3MDMxYmFkNmM1NTZlOTYxMmVmODJkODI4ZDQyYWFlZjqAAn1xAVUKdGVzdGNvb2tp\nZXECVQZ3b3JrZWRxA3Mu\n','2012-01-12 20:25:10'),
	('c25880e9441a4172340b7a0c050051f0','ODU3OGUwYTFlZGE3ZDg1MjE3NGJiZTQxMThmNGU5ZTZkMWM1NTE5NjqAAn1xAShVEl9hdXRoX3Vz\nZXJfYmFja2VuZHECVSlkamFuZ28uY29udHJpYi5hdXRoLmJhY2tlbmRzLk1vZGVsQmFja2VuZHED\nVQ1fYXV0aF91c2VyX2lkcQSKAQR1Lg==\n','2012-01-17 17:33:09'),
	('c25fa1946b0e3d59615629f5102a75d0','NzkzYmMwMjg3MDMxYmFkNmM1NTZlOTYxMmVmODJkODI4ZDQyYWFlZjqAAn1xAVUKdGVzdGNvb2tp\nZXECVQZ3b3JrZWRxA3Mu\n','2012-02-05 16:27:45'),
	('c48a8744c721f0ee5609d050317c09d8','NzkzYmMwMjg3MDMxYmFkNmM1NTZlOTYxMmVmODJkODI4ZDQyYWFlZjqAAn1xAVUKdGVzdGNvb2tp\nZXECVQZ3b3JrZWRxA3Mu\n','2012-01-12 20:33:41'),
	('c4cb877943f90acf60c8cd4bc93c3177','NzkzYmMwMjg3MDMxYmFkNmM1NTZlOTYxMmVmODJkODI4ZDQyYWFlZjqAAn1xAVUKdGVzdGNvb2tp\nZXECVQZ3b3JrZWRxA3Mu\n','2012-01-12 14:07:05'),
	('c56991a6fe669c19c0dfad9c1445e46e','NzkzYmMwMjg3MDMxYmFkNmM1NTZlOTYxMmVmODJkODI4ZDQyYWFlZjqAAn1xAVUKdGVzdGNvb2tp\nZXECVQZ3b3JrZWRxA3Mu\n','2012-01-12 20:32:10'),
	('c622eb89c6647bcb1dc4a93c8ea6c470','ODU3OGUwYTFlZGE3ZDg1MjE3NGJiZTQxMThmNGU5ZTZkMWM1NTE5NjqAAn1xAShVEl9hdXRoX3Vz\nZXJfYmFja2VuZHECVSlkamFuZ28uY29udHJpYi5hdXRoLmJhY2tlbmRzLk1vZGVsQmFja2VuZHED\nVQ1fYXV0aF91c2VyX2lkcQSKAQR1Lg==\n','2012-02-01 11:42:50'),
	('c637926a231551802ee48724e3da7abd','NzkzYmMwMjg3MDMxYmFkNmM1NTZlOTYxMmVmODJkODI4ZDQyYWFlZjqAAn1xAVUKdGVzdGNvb2tp\nZXECVQZ3b3JrZWRxA3Mu\n','2012-01-12 20:25:57'),
	('c65e18c2e1c5c9ed92097c3468cf59ed','NzkzYmMwMjg3MDMxYmFkNmM1NTZlOTYxMmVmODJkODI4ZDQyYWFlZjqAAn1xAVUKdGVzdGNvb2tp\nZXECVQZ3b3JrZWRxA3Mu\n','2012-01-31 18:01:38'),
	('c6662b54c2f7b414af94bc1ed9c96503','NzkzYmMwMjg3MDMxYmFkNmM1NTZlOTYxMmVmODJkODI4ZDQyYWFlZjqAAn1xAVUKdGVzdGNvb2tp\nZXECVQZ3b3JrZWRxA3Mu\n','2012-01-15 06:43:16'),
	('c6ff1816e8939ec1aff08f786cb3ee30','NWI3NGY3YzA4ZDViNTUwMWJiY2E1Yzg5ODVlZjI3ZTYzNjU1OWRjNzqAAn1xAVUKdGVzdGNvb2tp\nZVUGd29ya2VkcQJzLg==\n','2012-01-13 00:13:09'),
	('c75bc773e1c0472accd5ef07aafb26e6','NzkzYmMwMjg3MDMxYmFkNmM1NTZlOTYxMmVmODJkODI4ZDQyYWFlZjqAAn1xAVUKdGVzdGNvb2tp\nZXECVQZ3b3JrZWRxA3Mu\n','2012-01-12 20:19:00'),
	('c7791aa11b5aa6c2121f0b1a90d984c8','NWI3NGY3YzA4ZDViNTUwMWJiY2E1Yzg5ODVlZjI3ZTYzNjU1OWRjNzqAAn1xAVUKdGVzdGNvb2tp\nZVUGd29ya2VkcQJzLg==\n','2012-01-13 12:23:06'),
	('c7b21ed3f08a84b48dabf25803ae61b5','NzkzYmMwMjg3MDMxYmFkNmM1NTZlOTYxMmVmODJkODI4ZDQyYWFlZjqAAn1xAVUKdGVzdGNvb2tp\nZXECVQZ3b3JrZWRxA3Mu\n','2012-02-15 21:07:44'),
	('c7ed7329c190cfa4426bdee422a52bcf','NzkzYmMwMjg3MDMxYmFkNmM1NTZlOTYxMmVmODJkODI4ZDQyYWFlZjqAAn1xAVUKdGVzdGNvb2tp\nZXECVQZ3b3JrZWRxA3Mu\n','2012-01-13 03:11:46'),
	('c7f455aeaefffc85b6d96f00736b9267','NzkzYmMwMjg3MDMxYmFkNmM1NTZlOTYxMmVmODJkODI4ZDQyYWFlZjqAAn1xAVUKdGVzdGNvb2tp\nZXECVQZ3b3JrZWRxA3Mu\n','2012-01-12 21:47:39'),
	('c8a7ca0ffcabaed227a3aff81d547e69','NzkzYmMwMjg3MDMxYmFkNmM1NTZlOTYxMmVmODJkODI4ZDQyYWFlZjqAAn1xAVUKdGVzdGNvb2tp\nZXECVQZ3b3JrZWRxA3Mu\n','2012-01-14 23:50:33'),
	('c8bd1807e1ccd702b99eb390716efb58','NWI3NGY3YzA4ZDViNTUwMWJiY2E1Yzg5ODVlZjI3ZTYzNjU1OWRjNzqAAn1xAVUKdGVzdGNvb2tp\nZVUGd29ya2VkcQJzLg==\n','2012-01-17 03:01:35'),
	('c99dc7ce040a07dcd6e55b84487e396c','ODU3OGUwYTFlZGE3ZDg1MjE3NGJiZTQxMThmNGU5ZTZkMWM1NTE5NjqAAn1xAShVEl9hdXRoX3Vz\nZXJfYmFja2VuZHECVSlkamFuZ28uY29udHJpYi5hdXRoLmJhY2tlbmRzLk1vZGVsQmFja2VuZHED\nVQ1fYXV0aF91c2VyX2lkcQSKAQR1Lg==\n','2012-01-17 11:22:07'),
	('c9d406516866ca101f41651f9ecba82c','NzkzYmMwMjg3MDMxYmFkNmM1NTZlOTYxMmVmODJkODI4ZDQyYWFlZjqAAn1xAVUKdGVzdGNvb2tp\nZXECVQZ3b3JrZWRxA3Mu\n','2012-01-12 14:17:28'),
	('ca520aca23f0fb8da0b0caeac2deed3c','NzkzYmMwMjg3MDMxYmFkNmM1NTZlOTYxMmVmODJkODI4ZDQyYWFlZjqAAn1xAVUKdGVzdGNvb2tp\nZXECVQZ3b3JrZWRxA3Mu\n','2012-01-15 05:36:06'),
	('ca69d6cc2230dddec38f255c6b6662bf','ODU3OGUwYTFlZGE3ZDg1MjE3NGJiZTQxMThmNGU5ZTZkMWM1NTE5NjqAAn1xAShVEl9hdXRoX3Vz\nZXJfYmFja2VuZHECVSlkamFuZ28uY29udHJpYi5hdXRoLmJhY2tlbmRzLk1vZGVsQmFja2VuZHED\nVQ1fYXV0aF91c2VyX2lkcQSKAQR1Lg==\n','2012-02-17 10:06:19'),
	('ca70666119cf0ccee5c6b05edf414aa1','NzkzYmMwMjg3MDMxYmFkNmM1NTZlOTYxMmVmODJkODI4ZDQyYWFlZjqAAn1xAVUKdGVzdGNvb2tp\nZXECVQZ3b3JrZWRxA3Mu\n','2011-12-21 03:40:48'),
	('ca832e6f686b04afe61faa9e6f0d0bf4','NzkzYmMwMjg3MDMxYmFkNmM1NTZlOTYxMmVmODJkODI4ZDQyYWFlZjqAAn1xAVUKdGVzdGNvb2tp\nZXECVQZ3b3JrZWRxA3Mu\n','2012-01-12 14:10:17'),
	('cab0eafc0dd29ee4c6a00d33b22a0996','NzkzYmMwMjg3MDMxYmFkNmM1NTZlOTYxMmVmODJkODI4ZDQyYWFlZjqAAn1xAVUKdGVzdGNvb2tp\nZXECVQZ3b3JrZWRxA3Mu\n','2012-01-12 20:21:11'),
	('cb07953d3d215ae64d93dfc55a1953d5','NzkzYmMwMjg3MDMxYmFkNmM1NTZlOTYxMmVmODJkODI4ZDQyYWFlZjqAAn1xAVUKdGVzdGNvb2tp\nZXECVQZ3b3JrZWRxA3Mu\n','2012-02-16 03:24:30'),
	('cc1c9af7be5cafd04ed82318a7c81cf1','MDkyYzA1YTRkMzI0Yzk0YjJmYTAwNGEyYjM4YTNkYzM3Yjc2YjA5MzqAAn1xAShVEl9hdXRoX3Vz\nZXJfYmFja2VuZHECVSlkamFuZ28uY29udHJpYi5hdXRoLmJhY2tlbmRzLk1vZGVsQmFja2VuZHED\nVQ1fYXV0aF91c2VyX2lkcQSKAQF1Lg==\n','2012-01-04 00:17:53'),
	('cc9a03b18476459287d2b035ef60387d','NzkzYmMwMjg3MDMxYmFkNmM1NTZlOTYxMmVmODJkODI4ZDQyYWFlZjqAAn1xAVUKdGVzdGNvb2tp\nZXECVQZ3b3JrZWRxA3Mu\n','2012-02-16 08:40:35'),
	('ccecb8289318e4482a46425fe8355db8','NzkzYmMwMjg3MDMxYmFkNmM1NTZlOTYxMmVmODJkODI4ZDQyYWFlZjqAAn1xAVUKdGVzdGNvb2tp\nZXECVQZ3b3JrZWRxA3Mu\n','2012-01-12 20:30:58'),
	('cd76d43fead542199918070d31646251','NzkzYmMwMjg3MDMxYmFkNmM1NTZlOTYxMmVmODJkODI4ZDQyYWFlZjqAAn1xAVUKdGVzdGNvb2tp\nZXECVQZ3b3JrZWRxA3Mu\n','2012-02-15 21:08:01'),
	('cde57e29be629e472685a27c8bb7e18c','NWI3NGY3YzA4ZDViNTUwMWJiY2E1Yzg5ODVlZjI3ZTYzNjU1OWRjNzqAAn1xAVUKdGVzdGNvb2tp\nZVUGd29ya2VkcQJzLg==\n','2012-01-12 20:58:09'),
	('ce17c3c3bc0ee5a481c6ccaf6bdd2f25','NzkzYmMwMjg3MDMxYmFkNmM1NTZlOTYxMmVmODJkODI4ZDQyYWFlZjqAAn1xAVUKdGVzdGNvb2tp\nZXECVQZ3b3JrZWRxA3Mu\n','2012-01-13 02:41:09'),
	('cea1a50b2aed1b9fa66aab3fe72573c7','NzkzYmMwMjg3MDMxYmFkNmM1NTZlOTYxMmVmODJkODI4ZDQyYWFlZjqAAn1xAVUKdGVzdGNvb2tp\nZXECVQZ3b3JrZWRxA3Mu\n','2012-01-12 22:54:07'),
	('cedb413e53069a2bd429cf0a96c328ac','ODU3OGUwYTFlZGE3ZDg1MjE3NGJiZTQxMThmNGU5ZTZkMWM1NTE5NjqAAn1xAShVEl9hdXRoX3Vz\nZXJfYmFja2VuZHECVSlkamFuZ28uY29udHJpYi5hdXRoLmJhY2tlbmRzLk1vZGVsQmFja2VuZHED\nVQ1fYXV0aF91c2VyX2lkcQSKAQR1Lg==\n','2012-02-01 22:24:21'),
	('cf79dac3c64a9ab531c00cbd8d1ae88d','NzkzYmMwMjg3MDMxYmFkNmM1NTZlOTYxMmVmODJkODI4ZDQyYWFlZjqAAn1xAVUKdGVzdGNvb2tp\nZXECVQZ3b3JrZWRxA3Mu\n','2011-12-30 00:50:51'),
	('cfebae9698b5eab752ff0e59f6b84f38','NzkzYmMwMjg3MDMxYmFkNmM1NTZlOTYxMmVmODJkODI4ZDQyYWFlZjqAAn1xAVUKdGVzdGNvb2tp\nZXECVQZ3b3JrZWRxA3Mu\n','2011-12-23 21:08:33'),
	('d049c0900fc9e1abe388e7a626ce60f4','NzkzYmMwMjg3MDMxYmFkNmM1NTZlOTYxMmVmODJkODI4ZDQyYWFlZjqAAn1xAVUKdGVzdGNvb2tp\nZXECVQZ3b3JrZWRxA3Mu\n','2012-01-25 15:32:35'),
	('d0650dea6656be03e94857c76189ea5f','NzkzYmMwMjg3MDMxYmFkNmM1NTZlOTYxMmVmODJkODI4ZDQyYWFlZjqAAn1xAVUKdGVzdGNvb2tp\nZXECVQZ3b3JrZWRxA3Mu\n','2012-02-02 05:30:56'),
	('d0f88bc9b99c35e66af396c466a54b51','NWI3NGY3YzA4ZDViNTUwMWJiY2E1Yzg5ODVlZjI3ZTYzNjU1OWRjNzqAAn1xAVUKdGVzdGNvb2tp\nZVUGd29ya2VkcQJzLg==\n','2012-01-12 15:59:47'),
	('d17512875b8d920d1862533c7a6037a7','MDkyYzA1YTRkMzI0Yzk0YjJmYTAwNGEyYjM4YTNkYzM3Yjc2YjA5MzqAAn1xAShVEl9hdXRoX3Vz\nZXJfYmFja2VuZHECVSlkamFuZ28uY29udHJpYi5hdXRoLmJhY2tlbmRzLk1vZGVsQmFja2VuZHED\nVQ1fYXV0aF91c2VyX2lkcQSKAQF1Lg==\n','2011-12-11 19:24:05'),
	('d1993155c67f9840239e4966c4aaa1af','NzkzYmMwMjg3MDMxYmFkNmM1NTZlOTYxMmVmODJkODI4ZDQyYWFlZjqAAn1xAVUKdGVzdGNvb2tp\nZXECVQZ3b3JrZWRxA3Mu\n','2012-01-13 07:47:37'),
	('d297553b8ab0f4cd8aedbf97ed0d995a','NzkzYmMwMjg3MDMxYmFkNmM1NTZlOTYxMmVmODJkODI4ZDQyYWFlZjqAAn1xAVUKdGVzdGNvb2tp\nZXECVQZ3b3JrZWRxA3Mu\n','2012-01-12 21:12:56'),
	('d2dee16881d6314481d4fa04ed4ea5cc','NzkzYmMwMjg3MDMxYmFkNmM1NTZlOTYxMmVmODJkODI4ZDQyYWFlZjqAAn1xAVUKdGVzdGNvb2tp\nZXECVQZ3b3JrZWRxA3Mu\n','2012-01-12 13:58:32'),
	('d3d49c0c0e43df4da1e9fa718ceebcc6','NWI3NGY3YzA4ZDViNTUwMWJiY2E1Yzg5ODVlZjI3ZTYzNjU1OWRjNzqAAn1xAVUKdGVzdGNvb2tp\nZVUGd29ya2VkcQJzLg==\n','2012-01-12 13:44:30'),
	('d3fdb0e778ed9b5abb24e9e584f9349b','NzkzYmMwMjg3MDMxYmFkNmM1NTZlOTYxMmVmODJkODI4ZDQyYWFlZjqAAn1xAVUKdGVzdGNvb2tp\nZXECVQZ3b3JrZWRxA3Mu\n','2012-01-12 20:18:55'),
	('d481310827e831c25810a3ab396c5fd1','NzkzYmMwMjg3MDMxYmFkNmM1NTZlOTYxMmVmODJkODI4ZDQyYWFlZjqAAn1xAVUKdGVzdGNvb2tp\nZXECVQZ3b3JrZWRxA3Mu\n','2012-02-14 23:18:10'),
	('d487345a5e7d6059aa77c13e72c54d47','NWI3NGY3YzA4ZDViNTUwMWJiY2E1Yzg5ODVlZjI3ZTYzNjU1OWRjNzqAAn1xAVUKdGVzdGNvb2tp\nZVUGd29ya2VkcQJzLg==\n','2012-01-12 22:26:34'),
	('d4c7173d148d8cee31fee45f1509afc5','NzkzYmMwMjg3MDMxYmFkNmM1NTZlOTYxMmVmODJkODI4ZDQyYWFlZjqAAn1xAVUKdGVzdGNvb2tp\nZXECVQZ3b3JrZWRxA3Mu\n','2012-01-12 14:56:29'),
	('d5df11fb85c00ba5b840fad99a4e9fea','ODU3OGUwYTFlZGE3ZDg1MjE3NGJiZTQxMThmNGU5ZTZkMWM1NTE5NjqAAn1xAShVEl9hdXRoX3Vz\nZXJfYmFja2VuZHECVSlkamFuZ28uY29udHJpYi5hdXRoLmJhY2tlbmRzLk1vZGVsQmFja2VuZHED\nVQ1fYXV0aF91c2VyX2lkcQSKAQR1Lg==\n','2012-02-12 23:57:07'),
	('d61ef55dbc6027c9342bee0de17917a0','NzkzYmMwMjg3MDMxYmFkNmM1NTZlOTYxMmVmODJkODI4ZDQyYWFlZjqAAn1xAVUKdGVzdGNvb2tp\nZXECVQZ3b3JrZWRxA3Mu\n','2012-02-04 05:45:33'),
	('d688aac2f04a5db280309a3b3d9f1f56','NzkzYmMwMjg3MDMxYmFkNmM1NTZlOTYxMmVmODJkODI4ZDQyYWFlZjqAAn1xAVUKdGVzdGNvb2tp\nZXECVQZ3b3JrZWRxA3Mu\n','2012-01-13 09:44:33'),
	('d7681bce87728685cbbe45147e7b7548','NzkzYmMwMjg3MDMxYmFkNmM1NTZlOTYxMmVmODJkODI4ZDQyYWFlZjqAAn1xAVUKdGVzdGNvb2tp\nZXECVQZ3b3JrZWRxA3Mu\n','2012-01-12 20:18:32'),
	('d81b87991b955f466fd722708d889344','ODU3OGUwYTFlZGE3ZDg1MjE3NGJiZTQxMThmNGU5ZTZkMWM1NTE5NjqAAn1xAShVEl9hdXRoX3Vz\nZXJfYmFja2VuZHECVSlkamFuZ28uY29udHJpYi5hdXRoLmJhY2tlbmRzLk1vZGVsQmFja2VuZHED\nVQ1fYXV0aF91c2VyX2lkcQSKAQR1Lg==\n','2012-02-08 11:05:16'),
	('d916b3208a0198458109c3231d4db5ea','NzkzYmMwMjg3MDMxYmFkNmM1NTZlOTYxMmVmODJkODI4ZDQyYWFlZjqAAn1xAVUKdGVzdGNvb2tp\nZXECVQZ3b3JrZWRxA3Mu\n','2012-01-12 20:50:12'),
	('d94203c0a952a79f5225251434999cf5','NzBiNGFmZDA0MTQ5NGExMWZiMDM4OTA3Y2YxOTQ4YzU3YmMwYzhkNzqAAn1xAShVEl9hdXRoX3Vz\nZXJfYmFja2VuZHECVSlkamFuZ28uY29udHJpYi5hdXRoLmJhY2tlbmRzLk1vZGVsQmFja2VuZHED\nVQ1fYXV0aF91c2VyX2lkcQSKAQZ1Lg==\n','2012-02-16 11:51:50'),
	('d95d9a91b51ad5e84555776c150cc5d1','NzkzYmMwMjg3MDMxYmFkNmM1NTZlOTYxMmVmODJkODI4ZDQyYWFlZjqAAn1xAVUKdGVzdGNvb2tp\nZXECVQZ3b3JrZWRxA3Mu\n','2012-01-26 15:15:33'),
	('da04c8ab7dc7cb3819d7c5119a01b822','MDkyYzA1YTRkMzI0Yzk0YjJmYTAwNGEyYjM4YTNkYzM3Yjc2YjA5MzqAAn1xAShVEl9hdXRoX3Vz\nZXJfYmFja2VuZHECVSlkamFuZ28uY29udHJpYi5hdXRoLmJhY2tlbmRzLk1vZGVsQmFja2VuZHED\nVQ1fYXV0aF91c2VyX2lkcQSKAQF1Lg==\n','2012-02-13 22:18:34'),
	('db3550b19414ebe7e7e4477e872c9d04','NzkzYmMwMjg3MDMxYmFkNmM1NTZlOTYxMmVmODJkODI4ZDQyYWFlZjqAAn1xAVUKdGVzdGNvb2tp\nZXECVQZ3b3JrZWRxA3Mu\n','2011-12-13 15:05:38'),
	('dc9c14ab8272fc27f4785ca2bd66b3fa','NzkzYmMwMjg3MDMxYmFkNmM1NTZlOTYxMmVmODJkODI4ZDQyYWFlZjqAAn1xAVUKdGVzdGNvb2tp\nZXECVQZ3b3JrZWRxA3Mu\n','2012-01-31 18:42:12'),
	('dd8053698db8665a3cc876888766a640','ODU3OGUwYTFlZGE3ZDg1MjE3NGJiZTQxMThmNGU5ZTZkMWM1NTE5NjqAAn1xAShVEl9hdXRoX3Vz\nZXJfYmFja2VuZHECVSlkamFuZ28uY29udHJpYi5hdXRoLmJhY2tlbmRzLk1vZGVsQmFja2VuZHED\nVQ1fYXV0aF91c2VyX2lkcQSKAQR1Lg==\n','2012-02-14 13:04:00'),
	('de0195951b1b357bbb59a341b2919d49','ODU3OGUwYTFlZGE3ZDg1MjE3NGJiZTQxMThmNGU5ZTZkMWM1NTE5NjqAAn1xAShVEl9hdXRoX3Vz\nZXJfYmFja2VuZHECVSlkamFuZ28uY29udHJpYi5hdXRoLmJhY2tlbmRzLk1vZGVsQmFja2VuZHED\nVQ1fYXV0aF91c2VyX2lkcQSKAQR1Lg==\n','2012-01-19 14:16:44'),
	('de0d6b672af87323940c326d1690c218','NzkzYmMwMjg3MDMxYmFkNmM1NTZlOTYxMmVmODJkODI4ZDQyYWFlZjqAAn1xAVUKdGVzdGNvb2tp\nZXECVQZ3b3JrZWRxA3Mu\n','2012-01-12 20:18:44'),
	('de68bfc151641c6d636f34bf67cb13bd','NzkzYmMwMjg3MDMxYmFkNmM1NTZlOTYxMmVmODJkODI4ZDQyYWFlZjqAAn1xAVUKdGVzdGNvb2tp\nZXECVQZ3b3JrZWRxA3Mu\n','2012-01-13 15:19:40'),
	('dec50eb8bc8ccc8d79f2820ec0c5db8e','NzkzYmMwMjg3MDMxYmFkNmM1NTZlOTYxMmVmODJkODI4ZDQyYWFlZjqAAn1xAVUKdGVzdGNvb2tp\nZXECVQZ3b3JrZWRxA3Mu\n','2012-01-12 20:18:32'),
	('df80ed428335d5a5abbb5538995cb19a','ODU3OGUwYTFlZGE3ZDg1MjE3NGJiZTQxMThmNGU5ZTZkMWM1NTE5NjqAAn1xAShVEl9hdXRoX3Vz\nZXJfYmFja2VuZHECVSlkamFuZ28uY29udHJpYi5hdXRoLmJhY2tlbmRzLk1vZGVsQmFja2VuZHED\nVQ1fYXV0aF91c2VyX2lkcQSKAQR1Lg==\n','2012-01-05 11:24:15'),
	('dfeb542a7eff43262b7450420e9c68ef','NzkzYmMwMjg3MDMxYmFkNmM1NTZlOTYxMmVmODJkODI4ZDQyYWFlZjqAAn1xAVUKdGVzdGNvb2tp\nZXECVQZ3b3JrZWRxA3Mu\n','2012-01-12 20:19:00'),
	('e00165e1096f01c7406466ddbf1c69a3','NzkzYmMwMjg3MDMxYmFkNmM1NTZlOTYxMmVmODJkODI4ZDQyYWFlZjqAAn1xAVUKdGVzdGNvb2tp\nZXECVQZ3b3JrZWRxA3Mu\n','2012-01-12 20:18:32'),
	('e038f8abb3a6bc58f6bb579c9ee80904','NzkzYmMwMjg3MDMxYmFkNmM1NTZlOTYxMmVmODJkODI4ZDQyYWFlZjqAAn1xAVUKdGVzdGNvb2tp\nZXECVQZ3b3JrZWRxA3Mu\n','2012-02-12 23:20:47'),
	('e04deb5306a8fe0959d70d700bebf0ac','NzkzYmMwMjg3MDMxYmFkNmM1NTZlOTYxMmVmODJkODI4ZDQyYWFlZjqAAn1xAVUKdGVzdGNvb2tp\nZXECVQZ3b3JrZWRxA3Mu\n','2012-01-13 07:34:23'),
	('e07aacd5d0dcb510525ac41eb6de150c','NzkzYmMwMjg3MDMxYmFkNmM1NTZlOTYxMmVmODJkODI4ZDQyYWFlZjqAAn1xAVUKdGVzdGNvb2tp\nZXECVQZ3b3JrZWRxA3Mu\n','2012-01-09 19:54:06'),
	('e091345457c3359b06a72f2e08278e93','MDkyYzA1YTRkMzI0Yzk0YjJmYTAwNGEyYjM4YTNkYzM3Yjc2YjA5MzqAAn1xAShVEl9hdXRoX3Vz\nZXJfYmFja2VuZHECVSlkamFuZ28uY29udHJpYi5hdXRoLmJhY2tlbmRzLk1vZGVsQmFja2VuZHED\nVQ1fYXV0aF91c2VyX2lkcQSKAQF1Lg==\n','2011-12-22 13:43:03'),
	('e112166936a7c982fce292639d0421ec','Mzc2ZWZkOGE4YWJjNjY3MDU0MjE0ZjdlMzFlYTBmZjAwOTM1ZGFmZTqAAn1xAShVEl9hdXRoX3Vz\nZXJfYmFja2VuZHECVSlkamFuZ28uY29udHJpYi5hdXRoLmJhY2tlbmRzLk1vZGVsQmFja2VuZHED\nVQ1fYXV0aF91c2VyX2lkcQSKAQJ1Lg==\n','2012-01-12 19:52:53'),
	('e17789b75a44eb0e0b67a12681e3ba3d','NzkzYmMwMjg3MDMxYmFkNmM1NTZlOTYxMmVmODJkODI4ZDQyYWFlZjqAAn1xAVUKdGVzdGNvb2tp\nZXECVQZ3b3JrZWRxA3Mu\n','2012-02-05 16:28:19'),
	('e19665acfe562504fbbfab6bd6f7855c','NzkzYmMwMjg3MDMxYmFkNmM1NTZlOTYxMmVmODJkODI4ZDQyYWFlZjqAAn1xAVUKdGVzdGNvb2tp\nZXECVQZ3b3JrZWRxA3Mu\n','2012-01-14 23:21:10'),
	('e1ec705e9ec2e40edb711c958fbcb7ad','NzkzYmMwMjg3MDMxYmFkNmM1NTZlOTYxMmVmODJkODI4ZDQyYWFlZjqAAn1xAVUKdGVzdGNvb2tp\nZXECVQZ3b3JrZWRxA3Mu\n','2012-01-12 20:27:14'),
	('e34bc6e54f64abc812e82c32f544aac8','MTY1NzU0ODc2MjY3NjljYzkzYTZhOTc4YzlkNmUwMDZmYmVmZWJhOTqAAn1xAShVEl9hdXRoX3Vz\nZXJfYmFja2VuZHECVSlkamFuZ28uY29udHJpYi5hdXRoLmJhY2tlbmRzLk1vZGVsQmFja2VuZHED\nVQ1fYXV0aF91c2VyX2lkcQSKARR1Lg==\n','2012-01-31 10:44:30'),
	('e36f0ff1c1cc7c69b28bcb75d768d3cf','MWM4YjNiM2JiY2E5MWY5Yzc3OWM3M2QwODUyNDMzY2FjNWNkNGI1NTqAAn1xAShVEl9hdXRoX3Vz\nZXJfYmFja2VuZHECVSlkamFuZ28uY29udHJpYi5hdXRoLmJhY2tlbmRzLk1vZGVsQmFja2VuZHED\nVQ1fYXV0aF91c2VyX2lkcQSKARN1Lg==\n','2012-01-26 23:05:29'),
	('e37193011f33021d8888c436b0efcbe7','NzkzYmMwMjg3MDMxYmFkNmM1NTZlOTYxMmVmODJkODI4ZDQyYWFlZjqAAn1xAVUKdGVzdGNvb2tp\nZXECVQZ3b3JrZWRxA3Mu\n','2012-02-03 21:42:55'),
	('e3e271ace6ff642f29496a4f0cac212d','NzkzYmMwMjg3MDMxYmFkNmM1NTZlOTYxMmVmODJkODI4ZDQyYWFlZjqAAn1xAVUKdGVzdGNvb2tp\nZXECVQZ3b3JrZWRxA3Mu\n','2012-01-13 02:41:19'),
	('e42cd63e6c2d1e2d6e8862e71680819c','NzkzYmMwMjg3MDMxYmFkNmM1NTZlOTYxMmVmODJkODI4ZDQyYWFlZjqAAn1xAVUKdGVzdGNvb2tp\nZXECVQZ3b3JrZWRxA3Mu\n','2012-01-15 22:48:13'),
	('e547d360efbfa734500a36e3eeb28bd7','NzkzYmMwMjg3MDMxYmFkNmM1NTZlOTYxMmVmODJkODI4ZDQyYWFlZjqAAn1xAVUKdGVzdGNvb2tp\nZXECVQZ3b3JrZWRxA3Mu\n','2012-01-03 06:14:26'),
	('e59f650ddbc74d7b0ae8c782e33169b8','NzkzYmMwMjg3MDMxYmFkNmM1NTZlOTYxMmVmODJkODI4ZDQyYWFlZjqAAn1xAVUKdGVzdGNvb2tp\nZXECVQZ3b3JrZWRxA3Mu\n','2012-02-15 21:07:34'),
	('e6583ee6509dc581ec2fbb6782529f7b','NzkzYmMwMjg3MDMxYmFkNmM1NTZlOTYxMmVmODJkODI4ZDQyYWFlZjqAAn1xAVUKdGVzdGNvb2tp\nZXECVQZ3b3JrZWRxA3Mu\n','2012-02-13 11:34:06'),
	('e75ed5a745785d6a20f60ce395738619','NzkzYmMwMjg3MDMxYmFkNmM1NTZlOTYxMmVmODJkODI4ZDQyYWFlZjqAAn1xAVUKdGVzdGNvb2tp\nZXECVQZ3b3JrZWRxA3Mu\n','2012-01-21 21:32:22'),
	('e7e30f44cdc28b2a539f9d4c494b6f4f','NzkzYmMwMjg3MDMxYmFkNmM1NTZlOTYxMmVmODJkODI4ZDQyYWFlZjqAAn1xAVUKdGVzdGNvb2tp\nZXECVQZ3b3JrZWRxA3Mu\n','2011-12-14 00:26:58'),
	('e914830096b70e71e244e6f13c919c4e','ODU3OGUwYTFlZGE3ZDg1MjE3NGJiZTQxMThmNGU5ZTZkMWM1NTE5NjqAAn1xAShVEl9hdXRoX3Vz\nZXJfYmFja2VuZHECVSlkamFuZ28uY29udHJpYi5hdXRoLmJhY2tlbmRzLk1vZGVsQmFja2VuZHED\nVQ1fYXV0aF91c2VyX2lkcQSKAQR1Lg==\n','2011-12-21 12:56:09'),
	('e98dc05400d0f15ea03b4e01acfbfb57','NWI3NGY3YzA4ZDViNTUwMWJiY2E1Yzg5ODVlZjI3ZTYzNjU1OWRjNzqAAn1xAVUKdGVzdGNvb2tp\nZVUGd29ya2VkcQJzLg==\n','2012-02-15 21:08:23'),
	('eb150ba9da6e5fe9a48965c734b108ba','NzkzYmMwMjg3MDMxYmFkNmM1NTZlOTYxMmVmODJkODI4ZDQyYWFlZjqAAn1xAVUKdGVzdGNvb2tp\nZXECVQZ3b3JrZWRxA3Mu\n','2012-02-05 16:30:02'),
	('eb3ec0735403752edeee739e0fee0154','NzkzYmMwMjg3MDMxYmFkNmM1NTZlOTYxMmVmODJkODI4ZDQyYWFlZjqAAn1xAVUKdGVzdGNvb2tp\nZXECVQZ3b3JrZWRxA3Mu\n','2012-02-15 21:09:57'),
	('eb9e0c617959063a94c5f0e79eefdffd','NzkzYmMwMjg3MDMxYmFkNmM1NTZlOTYxMmVmODJkODI4ZDQyYWFlZjqAAn1xAVUKdGVzdGNvb2tp\nZXECVQZ3b3JrZWRxA3Mu\n','2012-01-12 20:32:05'),
	('ec834dd94a5a225f24bedb193c8586ce','MDkyYzA1YTRkMzI0Yzk0YjJmYTAwNGEyYjM4YTNkYzM3Yjc2YjA5MzqAAn1xAShVEl9hdXRoX3Vz\nZXJfYmFja2VuZHECVSlkamFuZ28uY29udHJpYi5hdXRoLmJhY2tlbmRzLk1vZGVsQmFja2VuZHED\nVQ1fYXV0aF91c2VyX2lkcQSKAQF1Lg==\n','2012-01-09 21:11:30'),
	('eca439252121c509f5f89e42511344fc','MTY1NzU0ODc2MjY3NjljYzkzYTZhOTc4YzlkNmUwMDZmYmVmZWJhOTqAAn1xAShVEl9hdXRoX3Vz\nZXJfYmFja2VuZHECVSlkamFuZ28uY29udHJpYi5hdXRoLmJhY2tlbmRzLk1vZGVsQmFja2VuZHED\nVQ1fYXV0aF91c2VyX2lkcQSKARR1Lg==\n','2012-02-12 20:42:43'),
	('eccd8ef2133b54ddbf9648132f0db4fb','ODU3OGUwYTFlZGE3ZDg1MjE3NGJiZTQxMThmNGU5ZTZkMWM1NTE5NjqAAn1xAShVEl9hdXRoX3Vz\nZXJfYmFja2VuZHECVSlkamFuZ28uY29udHJpYi5hdXRoLmJhY2tlbmRzLk1vZGVsQmFja2VuZHED\nVQ1fYXV0aF91c2VyX2lkcQSKAQR1Lg==\n','2012-02-07 11:39:48'),
	('ece713a5141ad7241aa113014e17c2e5','NWI3NGY3YzA4ZDViNTUwMWJiY2E1Yzg5ODVlZjI3ZTYzNjU1OWRjNzqAAn1xAVUKdGVzdGNvb2tp\nZVUGd29ya2VkcQJzLg==\n','2012-01-12 22:10:08'),
	('edb7cc2ab20288801e1137d8f65e31b8','NzkzYmMwMjg3MDMxYmFkNmM1NTZlOTYxMmVmODJkODI4ZDQyYWFlZjqAAn1xAVUKdGVzdGNvb2tp\nZXECVQZ3b3JrZWRxA3Mu\n','2012-01-12 20:22:43'),
	('ee8b3170e986699f47443bac04062c24','NzkzYmMwMjg3MDMxYmFkNmM1NTZlOTYxMmVmODJkODI4ZDQyYWFlZjqAAn1xAVUKdGVzdGNvb2tp\nZXECVQZ3b3JrZWRxA3Mu\n','2012-01-13 09:02:39'),
	('eece50c60110ee3e998ab34fb5161333','NzkzYmMwMjg3MDMxYmFkNmM1NTZlOTYxMmVmODJkODI4ZDQyYWFlZjqAAn1xAVUKdGVzdGNvb2tp\nZXECVQZ3b3JrZWRxA3Mu\n','2012-01-12 20:25:26'),
	('ef5aa6afb5c55d8470e3fac3cf22fa44','NzkzYmMwMjg3MDMxYmFkNmM1NTZlOTYxMmVmODJkODI4ZDQyYWFlZjqAAn1xAVUKdGVzdGNvb2tp\nZXECVQZ3b3JrZWRxA3Mu\n','2012-02-15 21:24:05'),
	('efa81068c32ae35a4bdd071322ea7755','NzkzYmMwMjg3MDMxYmFkNmM1NTZlOTYxMmVmODJkODI4ZDQyYWFlZjqAAn1xAVUKdGVzdGNvb2tp\nZXECVQZ3b3JrZWRxA3Mu\n','2012-01-12 13:44:25'),
	('efe851c3d159380c844bbde018bf3ff6','NzkzYmMwMjg3MDMxYmFkNmM1NTZlOTYxMmVmODJkODI4ZDQyYWFlZjqAAn1xAVUKdGVzdGNvb2tp\nZXECVQZ3b3JrZWRxA3Mu\n','2011-12-31 22:01:38'),
	('f072810fd444757c85dd20b235f5d234','MjhkMjU2OTE2MGEzYzYzOTk4NzU1OGEzMmUwM2NiYTJkNmU0MmNhYzqAAn1xAShVEl9hdXRoX3Vz\nZXJfYmFja2VuZHECVSlkamFuZ28uY29udHJpYi5hdXRoLmJhY2tlbmRzLk1vZGVsQmFja2VuZHED\nVQ1fYXV0aF91c2VyX2lkcQSKAQ51Lg==\n','2012-01-21 15:16:28'),
	('f15158786d40f36332bf0bf4968bb066','NzkzYmMwMjg3MDMxYmFkNmM1NTZlOTYxMmVmODJkODI4ZDQyYWFlZjqAAn1xAVUKdGVzdGNvb2tp\nZXECVQZ3b3JrZWRxA3Mu\n','2012-01-13 05:00:21'),
	('f1517507ac4e468f32c30974750b3982','MDkyYzA1YTRkMzI0Yzk0YjJmYTAwNGEyYjM4YTNkYzM3Yjc2YjA5MzqAAn1xAShVEl9hdXRoX3Vz\nZXJfYmFja2VuZHECVSlkamFuZ28uY29udHJpYi5hdXRoLmJhY2tlbmRzLk1vZGVsQmFja2VuZHED\nVQ1fYXV0aF91c2VyX2lkcQSKAQF1Lg==\n','2012-02-03 17:31:45'),
	('f1b9c6f99c8d007e3923f75106a049a7','ZWUxNGFiZGVhZWMzODM0YjdlZDdiODJjMmIyNGRlYzY0Y2EwYjdjYTqAAn1xAShVEl9hdXRoX3Vz\nZXJfYmFja2VuZHECVSlkamFuZ28uY29udHJpYi5hdXRoLmJhY2tlbmRzLk1vZGVsQmFja2VuZHED\nVQ1fYXV0aF91c2VyX2lkcQSKARB1Lg==\n','2012-02-03 09:24:11'),
	('f1d526334fd2e5e7f606e0b419b49b67','NzkzYmMwMjg3MDMxYmFkNmM1NTZlOTYxMmVmODJkODI4ZDQyYWFlZjqAAn1xAVUKdGVzdGNvb2tp\nZXECVQZ3b3JrZWRxA3Mu\n','2012-01-12 13:41:28'),
	('f1e402e603da2bafb69e4a25123e542f','NzkzYmMwMjg3MDMxYmFkNmM1NTZlOTYxMmVmODJkODI4ZDQyYWFlZjqAAn1xAVUKdGVzdGNvb2tp\nZXECVQZ3b3JrZWRxA3Mu\n','2012-01-12 14:17:33'),
	('f294e83345f31298f724c90b842889e4','ODU3OGUwYTFlZGE3ZDg1MjE3NGJiZTQxMThmNGU5ZTZkMWM1NTE5NjqAAn1xAShVEl9hdXRoX3Vz\nZXJfYmFja2VuZHECVSlkamFuZ28uY29udHJpYi5hdXRoLmJhY2tlbmRzLk1vZGVsQmFja2VuZHED\nVQ1fYXV0aF91c2VyX2lkcQSKAQR1Lg==\n','2012-01-02 16:22:12'),
	('f2c1fc9b35007f0d97fad24602b149b0','NzkzYmMwMjg3MDMxYmFkNmM1NTZlOTYxMmVmODJkODI4ZDQyYWFlZjqAAn1xAVUKdGVzdGNvb2tp\nZXECVQZ3b3JrZWRxA3Mu\n','2012-02-15 21:07:37'),
	('f3e7287a9f85fc230aad0fd57d19e4d8','NzkzYmMwMjg3MDMxYmFkNmM1NTZlOTYxMmVmODJkODI4ZDQyYWFlZjqAAn1xAVUKdGVzdGNvb2tp\nZXECVQZ3b3JrZWRxA3Mu\n','2012-02-15 21:09:47'),
	('f4754e5044bce64cc38093ed3e0acf93','MDkyYzA1YTRkMzI0Yzk0YjJmYTAwNGEyYjM4YTNkYzM3Yjc2YjA5MzqAAn1xAShVEl9hdXRoX3Vz\nZXJfYmFja2VuZHECVSlkamFuZ28uY29udHJpYi5hdXRoLmJhY2tlbmRzLk1vZGVsQmFja2VuZHED\nVQ1fYXV0aF91c2VyX2lkcQSKAQF1Lg==\n','2012-02-16 13:02:28'),
	('f4a7bbad376571f8baeb453314e291ac','NzkzYmMwMjg3MDMxYmFkNmM1NTZlOTYxMmVmODJkODI4ZDQyYWFlZjqAAn1xAVUKdGVzdGNvb2tp\nZXECVQZ3b3JrZWRxA3Mu\n','2012-01-12 20:30:13'),
	('f504fe113b07260f89697dc51d24da4c','NjBjNzA5NGQ3YTgwOTdjODdlYzI1NDhmNTBlYTQzMmM2Mjk5NDhiZDqAAn1xAShVEl9hdXRoX3Vz\nZXJfYmFja2VuZHECVSlkamFuZ28uY29udHJpYi5hdXRoLmJhY2tlbmRzLk1vZGVsQmFja2VuZHED\nVQ1fYXV0aF91c2VyX2lkcQSKAQN1Lg==\n','2012-01-26 16:07:57'),
	('f645f89d72c1419ae8b05e3ac349a8a1','NzkzYmMwMjg3MDMxYmFkNmM1NTZlOTYxMmVmODJkODI4ZDQyYWFlZjqAAn1xAVUKdGVzdGNvb2tp\nZXECVQZ3b3JrZWRxA3Mu\n','2012-02-06 05:36:42'),
	('f6811976e428d1a6d7bfa5cad7c27f2f','NzkzYmMwMjg3MDMxYmFkNmM1NTZlOTYxMmVmODJkODI4ZDQyYWFlZjqAAn1xAVUKdGVzdGNvb2tp\nZXECVQZ3b3JrZWRxA3Mu\n','2012-01-12 20:20:24'),
	('f6d6761137ba282a9c78f197b04538b7','NzkzYmMwMjg3MDMxYmFkNmM1NTZlOTYxMmVmODJkODI4ZDQyYWFlZjqAAn1xAVUKdGVzdGNvb2tp\nZXECVQZ3b3JrZWRxA3Mu\n','2012-02-14 15:34:58'),
	('f75b6269201018e44f54c6b6bce8070a','NzkzYmMwMjg3MDMxYmFkNmM1NTZlOTYxMmVmODJkODI4ZDQyYWFlZjqAAn1xAVUKdGVzdGNvb2tp\nZXECVQZ3b3JrZWRxA3Mu\n','2012-02-17 03:24:36'),
	('f75e5330fe7c4a011549685ef3025141','ODU3OGUwYTFlZGE3ZDg1MjE3NGJiZTQxMThmNGU5ZTZkMWM1NTE5NjqAAn1xAShVEl9hdXRoX3Vz\nZXJfYmFja2VuZHECVSlkamFuZ28uY29udHJpYi5hdXRoLmJhY2tlbmRzLk1vZGVsQmFja2VuZHED\nVQ1fYXV0aF91c2VyX2lkcQSKAQR1Lg==\n','2012-01-25 11:03:04'),
	('f7b519799b7a6c2f5e197f425ea27f92','NzkzYmMwMjg3MDMxYmFkNmM1NTZlOTYxMmVmODJkODI4ZDQyYWFlZjqAAn1xAVUKdGVzdGNvb2tp\nZXECVQZ3b3JrZWRxA3Mu\n','2012-01-20 21:26:11'),
	('f7dab57e9aef2e174d6169f2e728b309','ODU3OGUwYTFlZGE3ZDg1MjE3NGJiZTQxMThmNGU5ZTZkMWM1NTE5NjqAAn1xAShVEl9hdXRoX3Vz\nZXJfYmFja2VuZHECVSlkamFuZ28uY29udHJpYi5hdXRoLmJhY2tlbmRzLk1vZGVsQmFja2VuZHED\nVQ1fYXV0aF91c2VyX2lkcQSKAQR1Lg==\n','2012-01-12 13:19:54'),
	('f89ed7988aaf1a5831bddb615018c5ab','NzkzYmMwMjg3MDMxYmFkNmM1NTZlOTYxMmVmODJkODI4ZDQyYWFlZjqAAn1xAVUKdGVzdGNvb2tp\nZXECVQZ3b3JrZWRxA3Mu\n','2012-02-15 11:04:34'),
	('f8aa64f1a4e512fe132450beaac0cbf7','NTA5MzlmMzVhOGY0NWMwMDBlMDVlYjAwNWIxMDU1MWE4YTc5ZjU0OTqAAn1xAShVEl9hdXRoX3Vz\nZXJfYmFja2VuZHECVSlkamFuZ28uY29udHJpYi5hdXRoLmJhY2tlbmRzLk1vZGVsQmFja2VuZHED\nVQ1fYXV0aF91c2VyX2lkcQSKAQh1Lg==\n','2011-12-26 11:02:28'),
	('f8cc72c3aa77f59acc230a42e9dff24d','NzkzYmMwMjg3MDMxYmFkNmM1NTZlOTYxMmVmODJkODI4ZDQyYWFlZjqAAn1xAVUKdGVzdGNvb2tp\nZXECVQZ3b3JrZWRxA3Mu\n','2011-12-26 07:04:09'),
	('f908d997316269f31ba0780c39ca829b','MjhkMjU2OTE2MGEzYzYzOTk4NzU1OGEzMmUwM2NiYTJkNmU0MmNhYzqAAn1xAShVEl9hdXRoX3Vz\nZXJfYmFja2VuZHECVSlkamFuZ28uY29udHJpYi5hdXRoLmJhY2tlbmRzLk1vZGVsQmFja2VuZHED\nVQ1fYXV0aF91c2VyX2lkcQSKAQ51Lg==\n','2012-01-12 21:41:39'),
	('f9d503b322001a11a7a802b8fe0f6873','NjBjNzA5NGQ3YTgwOTdjODdlYzI1NDhmNTBlYTQzMmM2Mjk5NDhiZDqAAn1xAShVEl9hdXRoX3Vz\nZXJfYmFja2VuZHECVSlkamFuZ28uY29udHJpYi5hdXRoLmJhY2tlbmRzLk1vZGVsQmFja2VuZHED\nVQ1fYXV0aF91c2VyX2lkcQSKAQN1Lg==\n','2012-01-22 01:17:13'),
	('faea8be463ec180d9306aa7a4cf5a87d','NzkzYmMwMjg3MDMxYmFkNmM1NTZlOTYxMmVmODJkODI4ZDQyYWFlZjqAAn1xAVUKdGVzdGNvb2tp\nZXECVQZ3b3JrZWRxA3Mu\n','2012-01-12 13:45:09'),
	('fb40606ea8211f998954da71cc888340','ODVmYTNlZTEzYzllZGUwZjEwYjIyYWQ5MWYxNmRiYzQ0NTE2MWU0ODqAAn1xAS4=\n','2011-12-23 18:46:31'),
	('fb48ed6ed9bd596ef059bcc546f4f51e','NzkzYmMwMjg3MDMxYmFkNmM1NTZlOTYxMmVmODJkODI4ZDQyYWFlZjqAAn1xAVUKdGVzdGNvb2tp\nZXECVQZ3b3JrZWRxA3Mu\n','2012-01-29 03:00:47'),
	('fb55e7a170eb71b410f116163c5d591a','MDkyYzA1YTRkMzI0Yzk0YjJmYTAwNGEyYjM4YTNkYzM3Yjc2YjA5MzqAAn1xAShVEl9hdXRoX3Vz\nZXJfYmFja2VuZHECVSlkamFuZ28uY29udHJpYi5hdXRoLmJhY2tlbmRzLk1vZGVsQmFja2VuZHED\nVQ1fYXV0aF91c2VyX2lkcQSKAQF1Lg==\n','2012-02-17 18:18:18'),
	('fb8804bcdbf67996a24e402106cd5c11','NzkzYmMwMjg3MDMxYmFkNmM1NTZlOTYxMmVmODJkODI4ZDQyYWFlZjqAAn1xAVUKdGVzdGNvb2tp\nZXECVQZ3b3JrZWRxA3Mu\n','2011-12-15 06:38:34'),
	('fe004fddcd73879e62aefc21dfee5088','NzkzYmMwMjg3MDMxYmFkNmM1NTZlOTYxMmVmODJkODI4ZDQyYWFlZjqAAn1xAVUKdGVzdGNvb2tp\nZXECVQZ3b3JrZWRxA3Mu\n','2012-02-16 08:28:10'),
	('fedf09083d1919f585795947d5fb559a','NzkzYmMwMjg3MDMxYmFkNmM1NTZlOTYxMmVmODJkODI4ZDQyYWFlZjqAAn1xAVUKdGVzdGNvb2tp\nZXECVQZ3b3JrZWRxA3Mu\n','2012-02-14 09:45:10'),
	('feefced4659a7f0525ef98813b7a7096','ODU3OGUwYTFlZGE3ZDg1MjE3NGJiZTQxMThmNGU5ZTZkMWM1NTE5NjqAAn1xAShVEl9hdXRoX3Vz\nZXJfYmFja2VuZHECVSlkamFuZ28uY29udHJpYi5hdXRoLmJhY2tlbmRzLk1vZGVsQmFja2VuZHED\nVQ1fYXV0aF91c2VyX2lkcQSKAQR1Lg==\n','2012-01-20 14:45:27'),
	('fef607bb07f8ad731148121336ffedee','NzkzYmMwMjg3MDMxYmFkNmM1NTZlOTYxMmVmODJkODI4ZDQyYWFlZjqAAn1xAVUKdGVzdGNvb2tp\nZXECVQZ3b3JrZWRxA3Mu\n','2012-01-12 20:18:32'),
	('ff52adf6e81c484090c5d91f51f385ce','NzkzYmMwMjg3MDMxYmFkNmM1NTZlOTYxMmVmODJkODI4ZDQyYWFlZjqAAn1xAVUKdGVzdGNvb2tp\nZXECVQZ3b3JrZWRxA3Mu\n','2012-01-12 22:43:03'),
	('ff56ff50f72bbea64455da0b3f04914b','NzkzYmMwMjg3MDMxYmFkNmM1NTZlOTYxMmVmODJkODI4ZDQyYWFlZjqAAn1xAVUKdGVzdGNvb2tp\nZXECVQZ3b3JrZWRxA3Mu\n','2012-01-18 03:43:26'),
	('ff8299746a90e8222df15a6f97edb0f6','OGE2ODNmNjc1YzM5YjFjYmI2MzdhYWU4N2E1NzU4OWJkNzgwZmY5ZTqAAn1xAShVEl9hdXRoX3Vz\nZXJfYmFja2VuZHECVSlkamFuZ28uY29udHJpYi5hdXRoLmJhY2tlbmRzLk1vZGVsQmFja2VuZHED\nVQ1fYXV0aF91c2VyX2lkcQSKAQV1Lg==\n','2012-01-13 10:01:58');

/*!40000 ALTER TABLE `django_session` ENABLE KEYS */;
UNLOCK TABLES;


# Dump of table django_site
# ------------------------------------------------------------

DROP TABLE IF EXISTS `django_site`;

CREATE TABLE `django_site` (
  `id` int(11) NOT NULL AUTO_INCREMENT,
  `domain` varchar(100) NOT NULL,
  `name` varchar(50) NOT NULL,
  PRIMARY KEY (`id`)
) ENGINE=InnoDB DEFAULT CHARSET=latin1;

LOCK TABLES `django_site` WRITE;
/*!40000 ALTER TABLE `django_site` DISABLE KEYS */;

INSERT INTO `django_site` (`id`, `domain`, `name`)
VALUES
	(1,'example.com','example.com');

/*!40000 ALTER TABLE `django_site` ENABLE KEYS */;
UNLOCK TABLES;



/*!40111 SET SQL_NOTES=@OLD_SQL_NOTES */;
/*!40101 SET SQL_MODE=@OLD_SQL_MODE */;
/*!40014 SET FOREIGN_KEY_CHECKS=@OLD_FOREIGN_KEY_CHECKS */;
/*!40101 SET CHARACTER_SET_CLIENT=@OLD_CHARACTER_SET_CLIENT */;
/*!40101 SET CHARACTER_SET_RESULTS=@OLD_CHARACTER_SET_RESULTS */;
/*!40101 SET COLLATION_CONNECTION=@OLD_COLLATION_CONNECTION */;
